#
# There is insufficient memory for the Java Runtime Environment to continue.
# Native memory allocation (mmap) failed to map 1627389952 bytes. Error detail: G1 virtual space
# Possible reasons:
#   The system is out of physical RAM or swap space
#   This process is running with CompressedOops enabled, and the Java Heap may be blocking the growth of the native heap
# Possible solutions:
#   Reduce memory load on the system
#   Increase physical memory or swap space
#   Check if swap backing store is full
#   Decrease Java heap size (-Xmx/-Xms)
#   Decrease number of Java threads
#   Decrease Java thread stack sizes (-Xss)
#   Set larger code cache with -XX:ReservedCodeCacheSize=
#   JVM is running with Zero Based Compressed Oops mode in which the Java heap is
#     placed in the first 32GB address space. The Java Heap base address is the
#     maximum limit for the native heap growth. Please use -XX:HeapBaseMinAddress
#     to set the Java Heap base and to place the Java Heap above 32GB virtual address.
# This output file may be truncated or incomplete.
#
#  Out of Memory Error (os_windows.cpp:3714), pid=19328, tid=13824
#
# JRE version: OpenJDK Runtime Environment Temurin-21.0.11+10 (21.0.11+10) (build 21.0.11+10-LTS)
# Java VM: OpenJDK 64-Bit Server VM Temurin-21.0.11+10 (21.0.11+10-LTS, mixed mode, sharing, tiered, compressed oops, compressed class ptrs, g1 gc, windows-amd64)
# No core dump will be written. Minidumps are not enabled by default on client versions of Windows
#

---------------  S U M M A R Y ------------

Command Line: --add-opens=java.base/java.lang=ALL-UNNAMED --add-opens=java.base/java.lang.invoke=ALL-UNNAMED --add-opens=java.base/java.util=ALL-UNNAMED --add-opens=java.prefs/java.util.prefs=ALL-UNNAMED --add-exports=jdk.compiler/com.sun.tools.javac.api=ALL-UNNAMED --add-exports=jdk.compiler/com.sun.tools.javac.util=ALL-UNNAMED --add-opens=java.base/java.util=ALL-UNNAMED --add-opens=java.prefs/java.util.prefs=ALL-UNNAMED --add-opens=java.base/java.nio.charset=ALL-UNNAMED --add-opens=java.base/java.net=ALL-UNNAMED --add-opens=java.base/java.util.concurrent=ALL-UNNAMED --add-opens=java.base/java.util.concurrent.atomic=ALL-UNNAMED --add-opens=java.xml/javax.xml.namespace=ALL-UNNAMED --add-opens=java.base/java.time=ALL-UNNAMED -XX:MaxMetaspaceSize=4G -XX:ReservedCodeCacheSize=512m -XX:+HeapDumpOnOutOfMemoryError -Xmx8G -Dfile.encoding=UTF-8 -Duser.country=IN -Duser.language=en -Duser.variant -javaagent:C:\Users\HP\.gradle\wrapper\dists\gradle-9.3.1-all\9ot9r568e8zfvvd4mn8rbu1j0\gradle-9.3.1\lib\agents\gradle-instrumentation-agent-9.3.1.jar org.gradle.launcher.daemon.bootstrap.GradleDaemon 9.3.1

Host: AMD Ryzen 5 PRO 3500U w/ Radeon Vega Mobile Gfx, 8 cores, 5G,  Windows 11 , 64 bit Build 26100 (10.0.26100.9168)
Time: Sat Aug 22 15:28:30 2026 India Standard Time elapsed time: 825.088680 seconds (0d 0h 13m 45s)

---------------  T H R E A D  ---------------

Current thread (0x00000176eedd2df0):  VMThread "VM Thread"          [id=13824, stack(0x0000003cb0400000,0x0000003cb0500000) (1024K)]

Stack: [0x0000003cb0400000,0x0000003cb0500000]
Native frames: (J=compiled Java code, j=interpreted, Vv=VM code, C=native code)
V  [jvm.dll+0x6d7e19]
V  [jvm.dll+0x8b5096]
V  [jvm.dll+0x8b764e]
V  [jvm.dll+0x8b7d33]
V  [jvm.dll+0x284596]
V  [jvm.dll+0x6d4735]
V  [jvm.dll+0x6c845a]
V  [jvm.dll+0x35ef08]
V  [jvm.dll+0x366b46]
V  [jvm.dll+0x3b7c2e]
V  [jvm.dll+0x3b7ed8]
V  [jvm.dll+0x33310c]
V  [jvm.dll+0x333197]
V  [jvm.dll+0x376f6c]
V  [jvm.dll+0x37570e]
V  [jvm.dll+0x332851]
V  [jvm.dll+0x374d7a]
V  [jvm.dll+0x8bda20]
V  [jvm.dll+0x8bed94]
V  [jvm.dll+0x8bf2c0]
V  [jvm.dll+0x8bf563]
V  [jvm.dll+0x85fb0d]
V  [jvm.dll+0x6d664d]
C  [ucrtbase.dll+0x2cd30]
C  [KERNEL32.DLL+0x2ccb7]
C  [ntdll.dll+0xaad6c]

VM_Operation (0x0000003cb18f1510): G1CollectForAllocation, mode: safepoint, requested by thread 0x000001773b70fbc0


---------------  P R O C E S S  ---------------

Threads class SMR info:
_java_thread_list=0x000001773a80f880, length=112, elements={
0x00000176df4fedd0, 0x00000176eedf1270, 0x00000176eedf4b00, 0x00000176eedfac40,
0x00000176eedfb6a0, 0x00000176eedfe150, 0x00000176eedfebb0, 0x00000176eee0abf0,
0x00000176eee10b10, 0x00000176ef894720, 0x00000176ef8d4920, 0x00000177363ca030,
0x0000017735a74230, 0x0000017736564e40, 0x000001773684c500, 0x000001773684cb90,
0x000001773684d220, 0x000001773819c1b0, 0x000001773819d560, 0x000001773819e910,
0x000001773819c840, 0x00000177381a1700, 0x00000177381a09e0, 0x000001773819f630,
0x000001773a9756b0, 0x000001773b70d460, 0x000001773b70f530, 0x000001773b710f70,
0x000001773b70fbc0, 0x000001773b70daf0, 0x000001773b711600, 0x000001773b70e180,
0x000001773b70e810, 0x000001773b711c90, 0x000001773b712320, 0x000001773b70eea0,
0x000001773b713d60, 0x000001773b714a80, 0x000001773b7129b0, 0x000001773b713040,
0x000001773b7136d0, 0x000001773b7143f0, 0x000001773af269e0, 0x000001773af2a4f0,
0x000001773af27070, 0x000001773af2ab80, 0x000001773af27700, 0x000001773af2d2e0,
0x000001773af2c5c0, 0x000001773af2e000, 0x000001773af2b210, 0x000001773af2b8a0,
0x000001773af2cc50, 0x000001773819efa0, 0x000001773819bb20, 0x000001773819fcc0,
0x00000177381a1d90, 0x00000177381a2ab0, 0x00000177381a2420, 0x00000177381a3140,
0x00000177381a0350, 0x0000017739c36dc0, 0x0000017739c39520, 0x0000017739c3d6c0,
0x0000017739c3dd50, 0x0000017739c3e3e0, 0x000001773684aac0, 0x000001773684b150,
0x000001773684b7e0, 0x000001773684be70, 0x000001773a974300, 0x000001773a979ee0,
0x000001773b710250, 0x000001773b7108e0, 0x000001773aadc2b0, 0x0000017750b39af0,
0x0000017750b3c250, 0x0000017750b39460, 0x0000017750b38dd0, 0x0000017750b3b530,
0x0000017750b3a810, 0x0000017750b3a180, 0x0000017750b3aea0, 0x0000017750b3e9b0,
0x0000017750b3bbc0, 0x0000017750b3f6d0, 0x0000017750b3fd60, 0x0000017750b3dc90,
0x0000017750b3c8e0, 0x0000017750b403f0, 0x0000017750b3d600, 0x0000017750bfd7e0,
0x0000017750bfde70, 0x0000017750bfb080, 0x0000017750bfbda0, 0x0000017750bff8b0,
0x0000017750bfe500, 0x0000017750bfd150, 0x0000017750bff220, 0x0000017750bfc430,
0x0000017750bfeb90, 0x0000017750bfff40, 0x0000017750bfcac0, 0x0000017750c005d0,
0x0000017750c012f0, 0x0000017750c01980, 0x0000017750c00c60, 0x0000017750c02010,
0x0000017750c026a0, 0x000001773af2d970, 0x00000177526879e0, 0x0000017752688070
}

Java Threads: ( => current thread )
  0x00000176df4fedd0 JavaThread "main"                              [_thread_blocked, id=5876, stack(0x0000003cafd00000,0x0000003cafe00000) (1024K)]
  0x00000176eedf1270 JavaThread "Reference Handler"          daemon [_thread_blocked, id=19640, stack(0x0000003cb0500000,0x0000003cb0600000) (1024K)]
  0x00000176eedf4b00 JavaThread "Finalizer"                  daemon [_thread_blocked, id=2648, stack(0x0000003cb0600000,0x0000003cb0700000) (1024K)]
  0x00000176eedfac40 JavaThread "Signal Dispatcher"          daemon [_thread_blocked, id=1036, stack(0x0000003cb0700000,0x0000003cb0800000) (1024K)]
  0x00000176eedfb6a0 JavaThread "Attach Listener"            daemon [_thread_blocked, id=8504, stack(0x0000003cb0800000,0x0000003cb0900000) (1024K)]
  0x00000176eedfe150 JavaThread "Service Thread"             daemon [_thread_blocked, id=13912, stack(0x0000003cb0900000,0x0000003cb0a00000) (1024K)]
  0x00000176eedfebb0 JavaThread "Monitor Deflation Thread"   daemon [_thread_blocked, id=21656, stack(0x0000003cb0a00000,0x0000003cb0b00000) (1024K)]
  0x00000176eee0abf0 JavaThread "C2 CompilerThread0"         daemon [_thread_blocked, id=17764, stack(0x0000003cb0b00000,0x0000003cb0c00000) (1024K)]
  0x00000176eee10b10 JavaThread "C1 CompilerThread0"         daemon [_thread_blocked, id=3272, stack(0x0000003cb0c00000,0x0000003cb0d00000) (1024K)]
  0x00000176ef894720 JavaThread "Common-Cleaner"             daemon [_thread_blocked, id=16872, stack(0x0000003cb0d00000,0x0000003cb0e00000) (1024K)]
  0x00000176ef8d4920 JavaThread "Notification Thread"        daemon [_thread_blocked, id=18092, stack(0x0000003cb0e00000,0x0000003cb0f00000) (1024K)]
  0x00000177363ca030 JavaThread "Daemon health stats"               [_thread_blocked, id=21848, stack(0x0000003cb1300000,0x0000003cb1400000) (1024K)]
  0x0000017735a74230 JavaThread "Incoming local TCP Connector on port 55852"        [_thread_in_native, id=4008, stack(0x0000003cb1400000,0x0000003cb1500000) (1024K)]
  0x0000017736564e40 JavaThread "Daemon periodic checks"            [_thread_blocked, id=20468, stack(0x0000003cb1500000,0x0000003cb1600000) (1024K)]
  0x000001773684c500 JavaThread "Cache worker for journal cache (C:\Users\HP\.gradle\caches\journal-1)"        [_thread_blocked, id=13296, stack(0x0000003cb2000000,0x0000003cb2100000) (1024K)]
  0x000001773684cb90 JavaThread "File lock request listener"        [_thread_in_native, id=17816, stack(0x0000003cb2100000,0x0000003cb2200000) (1024K)]
  0x000001773684d220 JavaThread "Cache worker for file hash cache (C:\Users\HP\.gradle\caches\9.3.1\fileHashes)"        [_thread_blocked, id=1888, stack(0x0000003cb2200000,0x0000003cb2300000) (1024K)]
  0x000001773819c1b0 JavaThread "File watcher server"        daemon [_thread_in_native, id=11672, stack(0x0000003cb2700000,0x0000003cb2800000) (1024K)]
  0x000001773819d560 JavaThread "File watcher consumer"      daemon [_thread_blocked, id=2472, stack(0x0000003cb2800000,0x0000003cb2900000) (1024K)]
  0x000001773819e910 JavaThread "jar transforms"                    [_thread_blocked, id=11588, stack(0x0000003cb2900000,0x0000003cb2a00000) (1024K)]
  0x000001773819c840 JavaThread "jar transforms Thread 2"           [_thread_blocked, id=13036, stack(0x0000003cb2a00000,0x0000003cb2b00000) (1024K)]
  0x00000177381a1700 JavaThread "Cache worker for file content cache (C:\Users\HP\.gradle\caches\9.3.1\fileContent)"        [_thread_blocked, id=18280, stack(0x0000003cb2b00000,0x0000003cb2c00000) (1024K)]
  0x00000177381a09e0 JavaThread "jar transforms Thread 3"           [_thread_blocked, id=20816, stack(0x0000003cb2f00000,0x0000003cb3000000) (1024K)]
  0x000001773819f630 JavaThread "jar transforms Thread 4"           [_thread_blocked, id=7576, stack(0x0000003cb3200000,0x0000003cb3300000) (1024K)]
  0x000001773a9756b0 JavaThread "Memory manager"                    [_thread_blocked, id=3708, stack(0x0000003cafa00000,0x0000003cafb00000) (1024K)]
  0x000001773b70d460 JavaThread "Daemon Thread 2"                   [_thread_blocked, id=21264, stack(0x0000003cafc00000,0x0000003cafd00000) (1024K)]
  0x000001773b70f530 JavaThread "Handler for socket connection from /127.0.0.1:55852 to /127.0.0.1:57808"        [_thread_in_native, id=12068, stack(0x0000003cb1600000,0x0000003cb1700000) (1024K)]
  0x000001773b710f70 JavaThread "Cancel handler"                    [_thread_blocked, id=10316, stack(0x0000003cb1700000,0x0000003cb1800000) (1024K)]
  0x000001773b70fbc0 JavaThread "Daemon worker Thread 2"            [_thread_blocked, id=21684, stack(0x0000003cb1800000,0x0000003cb1900000) (1024K)]
  0x000001773b70daf0 JavaThread "Asynchronous log dispatcher for DefaultDaemonConnection: socket connection from /127.0.0.1:55852 to /127.0.0.1:57808"        [_thread_blocked, id=3860, stack(0x0000003cb1900000,0x0000003cb1a00000) (1024K)]
  0x000001773b711600 JavaThread "Stdin handler"                     [_thread_blocked, id=21308, stack(0x0000003cb1a00000,0x0000003cb1b00000) (1024K)]
  0x000001773b70e180 JavaThread "Daemon client event forwarder"        [_thread_blocked, id=984, stack(0x0000003cb1b00000,0x0000003cb1c00000) (1024K)]
  0x000001773b70e810 JavaThread "Cache worker for file hash cache (D:\pokety\pokety_Frontend\android\.gradle\9.3.1\fileHashes)"        [_thread_blocked, id=21236, stack(0x0000003cb1c00000,0x0000003cb1d00000) (1024K)]
  0x000001773b711c90 JavaThread "Cache worker for Build Output Cleanup Cache (D:\pokety\pokety_Frontend\android\.gradle\buildOutputCleanup)"        [_thread_blocked, id=4528, stack(0x0000003cb2300000,0x0000003cb2400000) (1024K)]
  0x000001773b712320 JavaThread "Cache worker for checksums cache (D:\pokety\pokety_Frontend\android\.gradle\9.3.1\checksums)"        [_thread_blocked, id=3772, stack(0x0000003cb2500000,0x0000003cb2600000) (1024K)]
  0x000001773b70eea0 JavaThread "Cache worker for cache directory md-supplier (C:\Users\HP\.gradle\caches\9.3.1\md-supplier)"        [_thread_blocked, id=6908, stack(0x0000003cb2600000,0x0000003cb2700000) (1024K)]
  0x000001773b713d60 JavaThread "Cache worker for cache directory md-rule (C:\Users\HP\.gradle\caches\9.3.1\md-rule)"        [_thread_blocked, id=8440, stack(0x0000003cb2c00000,0x0000003cb2d00000) (1024K)]
  0x000001773b714a80 JavaThread "Cache worker for Build Output Cleanup Cache (D:\flutter\packages\flutter_tools\gradle\.gradle\buildOutputCleanup)"        [_thread_blocked, id=8652, stack(0x0000003cb2d00000,0x0000003cb2e00000) (1024K)]
  0x000001773b7129b0 JavaThread "Unconstrained build operations"        [_thread_blocked, id=1320, stack(0x0000003cb2e00000,0x0000003cb2f00000) (1024K)]
  0x000001773b713040 JavaThread "Unconstrained build operations Thread 2"        [_thread_blocked, id=16108, stack(0x0000003cb3000000,0x0000003cb3100000) (1024K)]
  0x000001773b7136d0 JavaThread "Unconstrained build operations Thread 3"        [_thread_blocked, id=4036, stack(0x0000003cb3100000,0x0000003cb3200000) (1024K)]
  0x000001773b7143f0 JavaThread "Unconstrained build operations Thread 4"        [_thread_blocked, id=15236, stack(0x0000003cb3300000,0x0000003cb3400000) (1024K)]
  0x000001773af269e0 JavaThread "Unconstrained build operations Thread 5"        [_thread_blocked, id=13156, stack(0x0000003cb3400000,0x0000003cb3500000) (1024K)]
  0x000001773af2a4f0 JavaThread "Unconstrained build operations Thread 6"        [_thread_blocked, id=11388, stack(0x0000003cb3500000,0x0000003cb3600000) (1024K)]
  0x000001773af27070 JavaThread "Unconstrained build operations Thread 7"        [_thread_blocked, id=5308, stack(0x0000003cb3600000,0x0000003cb3700000) (1024K)]
  0x000001773af2ab80 JavaThread "Unconstrained build operations Thread 8"        [_thread_blocked, id=10636, stack(0x0000003cb3700000,0x0000003cb3800000) (1024K)]
  0x000001773af27700 JavaThread "Unconstrained build operations Thread 9"        [_thread_blocked, id=4676, stack(0x0000003cb3800000,0x0000003cb3900000) (1024K)]
  0x000001773af2d2e0 JavaThread "Unconstrained build operations Thread 10"        [_thread_blocked, id=19396, stack(0x0000003cb3900000,0x0000003cb3a00000) (1024K)]
  0x000001773af2c5c0 JavaThread "Unconstrained build operations Thread 11"        [_thread_blocked, id=16476, stack(0x0000003cb3a00000,0x0000003cb3b00000) (1024K)]
  0x000001773af2e000 JavaThread "Unconstrained build operations Thread 12"        [_thread_blocked, id=19492, stack(0x0000003cb3b00000,0x0000003cb3c00000) (1024K)]
  0x000001773af2b210 JavaThread "Unconstrained build operations Thread 13"        [_thread_blocked, id=6392, stack(0x0000003cb3c00000,0x0000003cb3d00000) (1024K)]
  0x000001773af2b8a0 JavaThread "Unconstrained build operations Thread 14"        [_thread_blocked, id=4632, stack(0x0000003cb3d00000,0x0000003cb3e00000) (1024K)]
  0x000001773af2cc50 JavaThread "build event listener"              [_thread_blocked, id=7908, stack(0x0000003cb3e00000,0x0000003cb3f00000) (1024K)]
  0x000001773819efa0 JavaThread "included builds"                   [_thread_blocked, id=13432, stack(0x0000003cb3f00000,0x0000003cb4000000) (1024K)]
  0x000001773819bb20 JavaThread "Execution worker"                  [_thread_blocked, id=4016, stack(0x0000003cb4000000,0x0000003cb4100000) (1024K)]
  0x000001773819fcc0 JavaThread "Execution worker Thread 2"         [_thread_blocked, id=4188, stack(0x0000003cb4100000,0x0000003cb4200000) (1024K)]
  0x00000177381a1d90 JavaThread "Execution worker Thread 3"         [_thread_blocked, id=20424, stack(0x0000003cb4200000,0x0000003cb4300000) (1024K)]
  0x00000177381a2ab0 JavaThread "Execution worker Thread 4"         [_thread_blocked, id=8464, stack(0x0000003cb4300000,0x0000003cb4400000) (1024K)]
  0x00000177381a2420 JavaThread "Execution worker Thread 5"         [_thread_blocked, id=20728, stack(0x0000003cb4400000,0x0000003cb4500000) (1024K)]
  0x00000177381a3140 JavaThread "Execution worker Thread 6"         [_thread_blocked, id=12508, stack(0x0000003cb4500000,0x0000003cb4600000) (1024K)]
  0x00000177381a0350 JavaThread "Execution worker Thread 7"         [_thread_blocked, id=20580, stack(0x0000003cb4600000,0x0000003cb4700000) (1024K)]
  0x0000017739c36dc0 JavaThread "Cache worker for execution history cache (D:\flutter\packages\flutter_tools\gradle\.gradle\9.3.1\executionHistory)"        [_thread_blocked, id=17100, stack(0x0000003cb4700000,0x0000003cb4800000) (1024K)]
  0x0000017739c39520 JavaThread "Unconstrained build operations Thread 15"        [_thread_blocked, id=18240, stack(0x0000003cafb00000,0x0000003cafc00000) (1024K)]
  0x0000017739c3d6c0 JavaThread "Unconstrained build operations Thread 16"        [_thread_blocked, id=15612, stack(0x0000003cb4800000,0x0000003cb4900000) (1024K)]
  0x0000017739c3dd50 JavaThread "Unconstrained build operations Thread 17"        [_thread_blocked, id=18596, stack(0x0000003cb4900000,0x0000003cb4a00000) (1024K)]
  0x0000017739c3e3e0 JavaThread "Unconstrained build operations Thread 18"        [_thread_blocked, id=10260, stack(0x0000003cb4a00000,0x0000003cb4b00000) (1024K)]
  0x000001773684aac0 JavaThread "Unconstrained build operations Thread 19"        [_thread_blocked, id=2880, stack(0x0000003cb4b00000,0x0000003cb4c00000) (1024K)]
  0x000001773684b150 JavaThread "Unconstrained build operations Thread 20"        [_thread_blocked, id=20236, stack(0x0000003cb4c00000,0x0000003cb4d00000) (1024K)]
  0x000001773684b7e0 JavaThread "Unconstrained build operations Thread 21"        [_thread_blocked, id=17068, stack(0x0000003cb4d00000,0x0000003cb4e00000) (1024K)]
  0x000001773684be70 JavaThread "Unconstrained build operations Thread 22"        [_thread_blocked, id=1436, stack(0x0000003cb4e00000,0x0000003cb4f00000) (1024K)]
  0x000001773a974300 JavaThread "Unconstrained build operations Thread 23"        [_thread_blocked, id=20788, stack(0x0000003cb4f00000,0x0000003cb5000000) (1024K)]
  0x000001773a979ee0 JavaThread "Unconstrained build operations Thread 24"        [_thread_blocked, id=10212, stack(0x0000003cb5000000,0x0000003cb5100000) (1024K)]
  0x000001773b710250 JavaThread "Unconstrained build operations Thread 25"        [_thread_blocked, id=17460, stack(0x0000003cb5100000,0x0000003cb5200000) (1024K)]
  0x000001773b7108e0 JavaThread "Unconstrained build operations Thread 26"        [_thread_blocked, id=16820, stack(0x0000003cb5200000,0x0000003cb5300000) (1024K)]
  0x000001773aadc2b0 JavaThread "Unconstrained build operations Thread 27"        [_thread_blocked, id=11088, stack(0x0000003cb5300000,0x0000003cb5400000) (1024K)]
  0x0000017750b39af0 JavaThread "Unconstrained build operations Thread 28"        [_thread_blocked, id=5584, stack(0x0000003cb5400000,0x0000003cb5500000) (1024K)]
  0x0000017750b3c250 JavaThread "Unconstrained build operations Thread 29"        [_thread_blocked, id=22456, stack(0x0000003cb5500000,0x0000003cb5600000) (1024K)]
  0x0000017750b39460 JavaThread "Unconstrained build operations Thread 30"        [_thread_blocked, id=17628, stack(0x0000003cb5600000,0x0000003cb5700000) (1024K)]
  0x0000017750b38dd0 JavaThread "Unconstrained build operations Thread 31"        [_thread_blocked, id=7776, stack(0x0000003cb5700000,0x0000003cb5800000) (1024K)]
  0x0000017750b3b530 JavaThread "Unconstrained build operations Thread 32"        [_thread_blocked, id=19768, stack(0x0000003cb5800000,0x0000003cb5900000) (1024K)]
  0x0000017750b3a810 JavaThread "Unconstrained build operations Thread 33"        [_thread_blocked, id=5460, stack(0x0000003cb5900000,0x0000003cb5a00000) (1024K)]
  0x0000017750b3a180 JavaThread "Unconstrained build operations Thread 34"        [_thread_blocked, id=21896, stack(0x0000003cb5a00000,0x0000003cb5b00000) (1024K)]
  0x0000017750b3aea0 JavaThread "Unconstrained build operations Thread 35"        [_thread_blocked, id=20064, stack(0x0000003cb5b00000,0x0000003cb5c00000) (1024K)]
  0x0000017750b3e9b0 JavaThread "Unconstrained build operations Thread 36"        [_thread_blocked, id=1804, stack(0x0000003cb5c00000,0x0000003cb5d00000) (1024K)]
  0x0000017750b3bbc0 JavaThread "Unconstrained build operations Thread 37"        [_thread_blocked, id=11032, stack(0x0000003cb5d00000,0x0000003cb5e00000) (1024K)]
  0x0000017750b3f6d0 JavaThread "WorkerExecutor Queue"              [_thread_blocked, id=7484, stack(0x0000003cb5e00000,0x0000003cb5f00000) (1024K)]
  0x0000017750b3fd60 JavaThread "RMI Scheduler(0)"           daemon [_thread_blocked, id=17144, stack(0x0000003cb5f00000,0x0000003cb6000000) (1024K)]
  0x0000017750b3dc90 JavaThread "RMI GC Daemon"              daemon [_thread_blocked, id=4228, stack(0x0000003cb6100000,0x0000003cb6200000) (1024K)]
  0x0000017750b3c8e0 JavaThread "RMI TCP Accept-0"           daemon [_thread_in_native, id=10456, stack(0x0000003cb6200000,0x0000003cb6300000) (1024K)]
  0x0000017750b403f0 JavaThread "RMI Reaper"                        [_thread_blocked, id=9816, stack(0x0000003cb6300000,0x0000003cb6400000) (1024K)]
  0x0000017750b3d600 JavaThread "RMI TCP Connection(idle)"   daemon [_thread_blocked, id=5904, stack(0x0000003cb6400000,0x0000003cb6500000) (1024K)]
  0x0000017750bfd7e0 JavaThread "Unconstrained build operations Thread 38"        [_thread_blocked, id=1228, stack(0x0000003cb6500000,0x0000003cb6600000) (1024K)]
  0x0000017750bfde70 JavaThread "Unconstrained build operations Thread 39"        [_thread_blocked, id=11392, stack(0x0000003cb6600000,0x0000003cb6700000) (1024K)]
  0x0000017750bfb080 JavaThread "Unconstrained build operations Thread 40"        [_thread_blocked, id=22192, stack(0x0000003cb6700000,0x0000003cb6800000) (1024K)]
  0x0000017750bfbda0 JavaThread "Unconstrained build operations Thread 41"        [_thread_blocked, id=6132, stack(0x0000003cb6800000,0x0000003cb6900000) (1024K)]
  0x0000017750bff8b0 JavaThread "Unconstrained build operations Thread 42"        [_thread_blocked, id=8496, stack(0x0000003cb6900000,0x0000003cb6a00000) (1024K)]
  0x0000017750bfe500 JavaThread "Unconstrained build operations Thread 43"        [_thread_blocked, id=20172, stack(0x0000003cb6a00000,0x0000003cb6b00000) (1024K)]
  0x0000017750bfd150 JavaThread "Unconstrained build operations Thread 44"        [_thread_blocked, id=21628, stack(0x0000003cb6b00000,0x0000003cb6c00000) (1024K)]
  0x0000017750bff220 JavaThread "Unconstrained build operations Thread 45"        [_thread_blocked, id=9064, stack(0x0000003cb6c00000,0x0000003cb6d00000) (1024K)]
  0x0000017750bfc430 JavaThread "Unconstrained build operations Thread 46"        [_thread_blocked, id=12628, stack(0x0000003cb6d00000,0x0000003cb6e00000) (1024K)]
  0x0000017750bfeb90 JavaThread "Unconstrained build operations Thread 47"        [_thread_blocked, id=10996, stack(0x0000003cb6e00000,0x0000003cb6f00000) (1024K)]
  0x0000017750bfff40 JavaThread "Unconstrained build operations Thread 48"        [_thread_blocked, id=9208, stack(0x0000003cb6f00000,0x0000003cb7000000) (1024K)]
  0x0000017750bfcac0 JavaThread "Unconstrained build operations Thread 49"        [_thread_blocked, id=14976, stack(0x0000003cb7000000,0x0000003cb7100000) (1024K)]
  0x0000017750c005d0 JavaThread "Unconstrained build operations Thread 50"        [_thread_blocked, id=23452, stack(0x0000003cb7100000,0x0000003cb7200000) (1024K)]
  0x0000017750c012f0 JavaThread "Unconstrained build operations Thread 51"        [_thread_blocked, id=10448, stack(0x0000003cb7200000,0x0000003cb7300000) (1024K)]
  0x0000017750c01980 JavaThread "Unconstrained build operations Thread 52"        [_thread_blocked, id=23488, stack(0x0000003cb7300000,0x0000003cb7400000) (1024K)]
  0x0000017750c00c60 JavaThread "Unconstrained build operations Thread 53"        [_thread_blocked, id=13200, stack(0x0000003cb7400000,0x0000003cb7500000) (1024K)]
  0x0000017750c02010 JavaThread "Unconstrained build operations Thread 54"        [_thread_blocked, id=15380, stack(0x0000003cb7500000,0x0000003cb7600000) (1024K)]
  0x0000017750c026a0 JavaThread "Unconstrained build operations Thread 55"        [_thread_blocked, id=12756, stack(0x0000003cb7600000,0x0000003cb7700000) (1024K)]
  0x000001773af2d970 JavaThread "Unconstrained build operations Thread 56"        [_thread_blocked, id=11996, stack(0x0000003cb7700000,0x0000003cb7800000) (1024K)]
  0x00000177526879e0 JavaThread "Unconstrained build operations Thread 57"        [_thread_blocked, id=6128, stack(0x0000003cb7800000,0x0000003cb7900000) (1024K)]
  0x0000017752688070 JavaThread "Unconstrained build operations Thread 58"        [_thread_blocked, id=16676, stack(0x0000003cb7900000,0x0000003cb7a00000) (1024K)]
Total: 112

Other Threads:
=>0x00000176eedd2df0 VMThread "VM Thread"                           [id=13824, stack(0x0000003cb0400000,0x0000003cb0500000) (1024K)]
  0x00000176eedc0600 WatcherThread "VM Periodic Task Thread"        [id=20328, stack(0x0000003cb0300000,0x0000003cb0400000) (1024K)]
  0x00000176df5aa0b0 WorkerThread "GC Thread#0"                     [id=1168, stack(0x0000003cafe00000,0x0000003caff00000) (1024K)]
  0x00000176ef9949b0 WorkerThread "GC Thread#1"                     [id=15476, stack(0x0000003cb0f00000,0x0000003cb1000000) (1024K)]
  0x00000176ef9b5990 WorkerThread "GC Thread#2"                     [id=14864, stack(0x0000003cb1000000,0x0000003cb1100000) (1024K)]
  0x00000176efab4840 WorkerThread "GC Thread#3"                     [id=14196, stack(0x0000003cb1100000,0x0000003cb1200000) (1024K)]
  0x0000017735b0b740 WorkerThread "GC Thread#4"                     [id=11772, stack(0x0000003cb1200000,0x0000003cb1300000) (1024K)]
  0x000001773685dfc0 WorkerThread "GC Thread#5"                     [id=2480, stack(0x0000003cb1d00000,0x0000003cb1e00000) (1024K)]
  0x000001773685e370 WorkerThread "GC Thread#6"                     [id=3692, stack(0x0000003cb1e00000,0x0000003cb1f00000) (1024K)]
  0x000001773685e720 WorkerThread "GC Thread#7"                     [id=16904, stack(0x0000003cb1f00000,0x0000003cb2000000) (1024K)]
  0x00000176df5bafb0 ConcurrentGCThread "G1 Main Marker"            [id=15304, stack(0x0000003caff00000,0x0000003cb0000000) (1024K)]
  0x00000176df5bc850 WorkerThread "G1 Conc#0"                       [id=6232, stack(0x0000003cb0000000,0x0000003cb0100000) (1024K)]
  0x0000017736e806c0 WorkerThread "G1 Conc#1"                       [id=15772, stack(0x0000003cb2400000,0x0000003cb2500000) (1024K)]
  0x00000176eec944f0 ConcurrentGCThread "G1 Refine#0"               [id=18568, stack(0x0000003cb0100000,0x0000003cb0200000) (1024K)]
  0x00000176eec94f80 ConcurrentGCThread "G1 Service"                [id=9700, stack(0x0000003cb0200000,0x0000003cb0300000) (1024K)]
Total: 15

Threads with active compile tasks:
C2 CompilerThread0  825183 26989       4       org.objectweb.asm.ClassReader::readMethod (1070 bytes)
Total: 1

VM state: at safepoint (normal execution)

VM Mutex/Monitor currently owned by a thread:  ([mutex/lock_event])
[0x00007fff741ef570] Threads_lock - owner thread: 0x00000176eedd2df0
[0x00007fff741ef670] Heap_lock - owner thread: 0x000001773b70fbc0

Heap address: 0x0000000600000000, size: 8192 MB, Compressed Oops mode: Zero based, Oop shift amount: 3

CDS archive(s) mapped at: [0x00000176f0000000-0x00000176f0ba0000-0x00000176f0ba0000), size 12189696, SharedBaseAddress: 0x00000176f0000000, ArchiveRelocationMode: 1.
Compressed class space mapped at: 0x00000176f1000000-0x0000017731000000, reserved size: 1073741824
Narrow klass base: 0x00000176f0000000, Narrow klass shift: 0, Narrow klass range: 0x100000000

GC Precious Log:
 CardTable entry size: 512
 Card Set container configuration: InlinePtr #cards 4 size 8 Array Of Cards #cards 32 size 80 Howl #buckets 8 coarsen threshold 7372 Howl Bitmap #cards 1024 size 144 coarsen threshold 921 Card regions per heap region 1 cards per card region 8192
 CPUs: 8 total, 8 available
 Memory: 6045M
 Large Page Support: Disabled
 NUMA Support: Disabled
 Compressed Oops: Enabled (Zero based)
 Heap Region Size: 4M
 Heap Min Capacity: 8M
 Heap Initial Capacity: 96M
 Heap Max Capacity: 8G
 Pre-touch: Disabled
 Parallel Workers: 8
 Concurrent Workers: 2
 Concurrent Refinement Workers: 8
 Periodic GC: Disabled

Heap:
 garbage-first heap   total 1556480K, used 367434K [0x0000000600000000, 0x0000000800000000)
  region size 4096K, 3 young (12288K), 3 survivors (12288K)
 Metaspace       used 181366K, committed 184064K, reserved 1245184K
  class space    used 23346K, committed 24640K, reserved 1048576K

Heap Regions: E=young(eden), S=young(survivor), O=old, HS=humongous(starts), HC=humongous(continues), CS=collection set, F=free, TAMS=top-at-mark-start, PB=parsable bottom
|   0|0x0000000600000000, 0x0000000600400000, 0x0000000600400000|100%|HS|  |TAMS 0x0000000600000000| PB 0x0000000600000000| Complete 
|   1|0x0000000600400000, 0x0000000600800000, 0x0000000600800000|100%| O|  |TAMS 0x0000000600400000| PB 0x0000000600400000| Untracked 
|   2|0x0000000600800000, 0x0000000600c00000, 0x0000000600c00000|100%| O|  |TAMS 0x0000000600800000| PB 0x0000000600800000| Untracked 
|   3|0x0000000600c00000, 0x0000000601000000, 0x0000000601000000|100%| O|  |TAMS 0x0000000600c00000| PB 0x0000000600c00000| Untracked 
|   4|0x0000000601000000, 0x0000000601400000, 0x0000000601400000|100%| O|  |TAMS 0x0000000601000000| PB 0x0000000601000000| Untracked 
|   5|0x0000000601400000, 0x0000000601800000, 0x0000000601800000|100%| O|  |TAMS 0x0000000601400000| PB 0x0000000601400000| Untracked 
|   6|0x0000000601800000, 0x0000000601c00000, 0x0000000601c00000|100%| O|  |TAMS 0x0000000601800000| PB 0x0000000601800000| Untracked 
|   7|0x0000000601c00000, 0x0000000602000000, 0x0000000602000000|100%| O|  |TAMS 0x0000000601c00000| PB 0x0000000601c00000| Untracked 
|   8|0x0000000602000000, 0x0000000602400000, 0x0000000602400000|100%| O|  |TAMS 0x0000000602000000| PB 0x0000000602000000| Untracked 
|   9|0x0000000602400000, 0x0000000602800000, 0x0000000602800000|100%| O|  |TAMS 0x0000000602400000| PB 0x0000000602400000| Untracked 
|  10|0x0000000602800000, 0x0000000602c00000, 0x0000000602c00000|100%| O|  |TAMS 0x0000000602800000| PB 0x0000000602800000| Untracked 
|  11|0x0000000602c00000, 0x0000000603000000, 0x0000000603000000|100%| O|  |TAMS 0x0000000602c00000| PB 0x0000000602c00000| Untracked 
|  12|0x0000000603000000, 0x0000000603400000, 0x0000000603400000|100%| O|  |TAMS 0x0000000603000000| PB 0x0000000603000000| Untracked 
|  13|0x0000000603400000, 0x0000000603800000, 0x0000000603800000|100%| O|  |TAMS 0x0000000603400000| PB 0x0000000603400000| Untracked 
|  14|0x0000000603800000, 0x0000000603c00000, 0x0000000603c00000|100%| O|  |TAMS 0x0000000603800000| PB 0x0000000603800000| Untracked 
|  15|0x0000000603c00000, 0x0000000604000000, 0x0000000604000000|100%| O|  |TAMS 0x0000000603c00000| PB 0x0000000603c00000| Untracked 
|  16|0x0000000604000000, 0x0000000604400000, 0x0000000604400000|100%| O|  |TAMS 0x0000000604000000| PB 0x0000000604000000| Untracked 
|  17|0x0000000604400000, 0x0000000604800000, 0x0000000604800000|100%| O|  |TAMS 0x0000000604400000| PB 0x0000000604400000| Untracked 
|  18|0x0000000604800000, 0x0000000604c00000, 0x0000000604c00000|100%| O|  |TAMS 0x0000000604800000| PB 0x0000000604800000| Untracked 
|  19|0x0000000604c00000, 0x0000000605000000, 0x0000000605000000|100%| O|  |TAMS 0x0000000604c00000| PB 0x0000000604c00000| Untracked 
|  20|0x0000000605000000, 0x0000000605400000, 0x0000000605400000|100%| O|  |TAMS 0x0000000605000000| PB 0x0000000605000000| Untracked 
|  21|0x0000000605400000, 0x0000000605800000, 0x0000000605800000|100%| O|  |TAMS 0x0000000605400000| PB 0x0000000605400000| Untracked 
|  22|0x0000000605800000, 0x0000000605c00000, 0x0000000605c00000|100%| O|  |TAMS 0x0000000605800000| PB 0x0000000605800000| Untracked 
|  23|0x0000000605c00000, 0x0000000606000000, 0x0000000606000000|100%| O|  |TAMS 0x0000000605c00000| PB 0x0000000605c00000| Untracked 
|  24|0x0000000606000000, 0x0000000606400000, 0x0000000606400000|100%| O|  |TAMS 0x0000000606000000| PB 0x0000000606000000| Untracked 
|  25|0x0000000606400000, 0x0000000606800000, 0x0000000606800000|100%| O|  |TAMS 0x0000000606400000| PB 0x0000000606400000| Untracked 
|  26|0x0000000606800000, 0x0000000606c00000, 0x0000000606c00000|100%| O|  |TAMS 0x0000000606800000| PB 0x0000000606800000| Untracked 
|  27|0x0000000606c00000, 0x0000000607000000, 0x0000000607000000|100%| O|  |TAMS 0x0000000606c00000| PB 0x0000000606c00000| Untracked 
|  28|0x0000000607000000, 0x0000000607400000, 0x0000000607400000|100%| O|  |TAMS 0x0000000607000000| PB 0x0000000607000000| Untracked 
|  29|0x0000000607400000, 0x0000000607800000, 0x0000000607800000|100%| O|  |TAMS 0x0000000607400000| PB 0x0000000607400000| Untracked 
|  30|0x0000000607800000, 0x0000000607c00000, 0x0000000607c00000|100%| O|  |TAMS 0x0000000607800000| PB 0x0000000607800000| Untracked 
|  31|0x0000000607c00000, 0x0000000608000000, 0x0000000608000000|100%| O|  |TAMS 0x0000000607c00000| PB 0x0000000607c00000| Untracked 
|  32|0x0000000608000000, 0x0000000608400000, 0x0000000608400000|100%| O|  |TAMS 0x0000000608000000| PB 0x0000000608000000| Untracked 
|  33|0x0000000608400000, 0x0000000608800000, 0x0000000608800000|100%| O|  |TAMS 0x0000000608400000| PB 0x0000000608400000| Untracked 
|  34|0x0000000608800000, 0x0000000608c00000, 0x0000000608c00000|100%| O|  |TAMS 0x0000000608800000| PB 0x0000000608800000| Untracked 
|  35|0x0000000608c00000, 0x0000000609000000, 0x0000000609000000|100%| O|  |TAMS 0x0000000608c00000| PB 0x0000000608c00000| Untracked 
|  36|0x0000000609000000, 0x0000000609400000, 0x0000000609400000|100%| O|  |TAMS 0x0000000609000000| PB 0x0000000609000000| Untracked 
|  37|0x0000000609400000, 0x0000000609800000, 0x0000000609800000|100%| O|  |TAMS 0x0000000609400000| PB 0x0000000609400000| Untracked 
|  38|0x0000000609800000, 0x0000000609c00000, 0x0000000609c00000|100%| O|  |TAMS 0x0000000609800000| PB 0x0000000609800000| Untracked 
|  39|0x0000000609c00000, 0x000000060a000000, 0x000000060a000000|100%| O|  |TAMS 0x0000000609c00000| PB 0x0000000609c00000| Untracked 
|  40|0x000000060a000000, 0x000000060a400000, 0x000000060a400000|100%| O|  |TAMS 0x000000060a000000| PB 0x000000060a000000| Untracked 
|  41|0x000000060a400000, 0x000000060a800000, 0x000000060a800000|100%| O|  |TAMS 0x000000060a400000| PB 0x000000060a400000| Untracked 
|  42|0x000000060a800000, 0x000000060ac00000, 0x000000060ac00000|100%| O|  |TAMS 0x000000060a800000| PB 0x000000060a800000| Untracked 
|  43|0x000000060ac00000, 0x000000060b000000, 0x000000060b000000|100%| O|  |TAMS 0x000000060ac00000| PB 0x000000060ac00000| Untracked 
|  44|0x000000060b000000, 0x000000060b400000, 0x000000060b400000|100%| O|  |TAMS 0x000000060b000000| PB 0x000000060b000000| Untracked 
|  45|0x000000060b400000, 0x000000060b800000, 0x000000060b800000|100%| O|  |TAMS 0x000000060b400000| PB 0x000000060b400000| Untracked 
|  46|0x000000060b800000, 0x000000060bc00000, 0x000000060bc00000|100%| O|  |TAMS 0x000000060b800000| PB 0x000000060b800000| Untracked 
|  47|0x000000060bc00000, 0x000000060c000000, 0x000000060c000000|100%| O|  |TAMS 0x000000060bc00000| PB 0x000000060bc00000| Untracked 
|  48|0x000000060c000000, 0x000000060c400000, 0x000000060c400000|100%| O|  |TAMS 0x000000060c000000| PB 0x000000060c000000| Untracked 
|  49|0x000000060c400000, 0x000000060c800000, 0x000000060c800000|100%| O|  |TAMS 0x000000060c400000| PB 0x000000060c400000| Untracked 
|  50|0x000000060c800000, 0x000000060cc00000, 0x000000060cc00000|100%| O|  |TAMS 0x000000060c800000| PB 0x000000060c800000| Untracked 
|  51|0x000000060cc00000, 0x000000060d000000, 0x000000060d000000|100%| O|  |TAMS 0x000000060cc00000| PB 0x000000060cc00000| Untracked 
|  52|0x000000060d000000, 0x000000060d400000, 0x000000060d400000|100%| O|  |TAMS 0x000000060d000000| PB 0x000000060d000000| Untracked 
|  53|0x000000060d400000, 0x000000060d800000, 0x000000060d800000|100%| O|  |TAMS 0x000000060d400000| PB 0x000000060d400000| Untracked 
|  54|0x000000060d800000, 0x000000060dc00000, 0x000000060dc00000|100%| O|  |TAMS 0x000000060d800000| PB 0x000000060d800000| Untracked 
|  55|0x000000060dc00000, 0x000000060e000000, 0x000000060e000000|100%| O|  |TAMS 0x000000060dc00000| PB 0x000000060dc00000| Untracked 
|  56|0x000000060e000000, 0x000000060e400000, 0x000000060e400000|100%| O|  |TAMS 0x000000060e000000| PB 0x000000060e000000| Untracked 
|  57|0x000000060e400000, 0x000000060e800000, 0x000000060e800000|100%| O|  |TAMS 0x000000060e400000| PB 0x000000060e400000| Untracked 
|  58|0x000000060e800000, 0x000000060ec00000, 0x000000060ec00000|100%| O|  |TAMS 0x000000060e800000| PB 0x000000060e800000| Untracked 
|  59|0x000000060ec00000, 0x000000060f000000, 0x000000060f000000|100%| O|  |TAMS 0x000000060ec00000| PB 0x000000060ec00000| Untracked 
|  60|0x000000060f000000, 0x000000060f400000, 0x000000060f400000|100%| O|  |TAMS 0x000000060f000000| PB 0x000000060f000000| Untracked 
|  61|0x000000060f400000, 0x000000060f800000, 0x000000060f800000|100%| O|  |TAMS 0x000000060f400000| PB 0x000000060f400000| Untracked 
|  62|0x000000060f800000, 0x000000060fc00000, 0x000000060fc00000|100%| O|  |TAMS 0x000000060f800000| PB 0x000000060f800000| Untracked 
|  63|0x000000060fc00000, 0x0000000610000000, 0x0000000610000000|100%| O|  |TAMS 0x000000060fc00000| PB 0x000000060fc00000| Untracked 
|  64|0x0000000610000000, 0x0000000610400000, 0x0000000610400000|100%| O|  |TAMS 0x0000000610000000| PB 0x0000000610000000| Untracked 
|  65|0x0000000610400000, 0x0000000610800000, 0x0000000610800000|100%| O|  |TAMS 0x0000000610400000| PB 0x0000000610400000| Untracked 
|  66|0x0000000610800000, 0x0000000610c00000, 0x0000000610c00000|100%| O|  |TAMS 0x0000000610800000| PB 0x0000000610800000| Untracked 
|  67|0x0000000610c00000, 0x0000000611000000, 0x0000000611000000|100%| O|  |TAMS 0x0000000610c00000| PB 0x0000000610c00000| Untracked 
|  68|0x0000000611000000, 0x0000000611400000, 0x0000000611400000|100%| O|  |TAMS 0x0000000611000000| PB 0x0000000611000000| Untracked 
|  69|0x0000000611400000, 0x0000000611800000, 0x0000000611800000|100%| O|  |TAMS 0x0000000611400000| PB 0x0000000611400000| Untracked 
|  70|0x0000000611800000, 0x0000000611c00000, 0x0000000611c00000|100%| O|  |TAMS 0x0000000611800000| PB 0x0000000611800000| Untracked 
|  71|0x0000000611c00000, 0x0000000612000000, 0x0000000612000000|100%| O|  |TAMS 0x0000000611c00000| PB 0x0000000611c00000| Untracked 
|  72|0x0000000612000000, 0x0000000612400000, 0x0000000612400000|100%| O|  |TAMS 0x0000000612000000| PB 0x0000000612000000| Untracked 
|  73|0x0000000612400000, 0x0000000612800000, 0x0000000612800000|100%| O|  |TAMS 0x0000000612400000| PB 0x0000000612400000| Untracked 
|  74|0x0000000612800000, 0x0000000612c00000, 0x0000000612c00000|100%| O|  |TAMS 0x0000000612800000| PB 0x0000000612800000| Untracked 
|  75|0x0000000612c00000, 0x0000000613000000, 0x0000000613000000|100%| O|  |TAMS 0x0000000612c00000| PB 0x0000000612c00000| Untracked 
|  76|0x0000000613000000, 0x0000000613400000, 0x0000000613400000|100%| O|  |TAMS 0x0000000613000000| PB 0x0000000613000000| Untracked 
|  77|0x0000000613400000, 0x0000000613800000, 0x0000000613800000|100%| O|  |TAMS 0x0000000613400000| PB 0x0000000613400000| Untracked 
|  78|0x0000000613800000, 0x0000000613c00000, 0x0000000613c00000|100%| O|  |TAMS 0x0000000613800000| PB 0x0000000613800000| Untracked 
|  79|0x0000000613c00000, 0x0000000614000000, 0x0000000614000000|100%| O|  |TAMS 0x0000000613c00000| PB 0x0000000613c00000| Untracked 
|  80|0x0000000614000000, 0x0000000614400000, 0x0000000614400000|100%| O|  |TAMS 0x0000000614000000| PB 0x0000000614000000| Untracked 
|  81|0x0000000614400000, 0x0000000614800000, 0x0000000614800000|100%| O|  |TAMS 0x0000000614400000| PB 0x0000000614400000| Untracked 
|  82|0x0000000614800000, 0x0000000614c00000, 0x0000000614c00000|100%| O|  |TAMS 0x0000000614800000| PB 0x0000000614800000| Untracked 
|  83|0x0000000614c00000, 0x0000000615000000, 0x0000000615000000|100%| O|  |TAMS 0x0000000614c00000| PB 0x0000000614c00000| Untracked 
|  84|0x0000000615000000, 0x0000000615400000, 0x0000000615400000|100%| O|  |TAMS 0x0000000615000000| PB 0x0000000615000000| Untracked 
|  85|0x0000000615400000, 0x0000000615800000, 0x0000000615800000|100%| O|  |TAMS 0x0000000615400000| PB 0x0000000615400000| Untracked 
|  86|0x0000000615800000, 0x0000000615ad2968, 0x0000000615c00000| 70%| O|  |TAMS 0x0000000615800000| PB 0x0000000615800000| Untracked 
|  87|0x0000000615c00000, 0x0000000615c00000, 0x0000000616000000|  0%| F|  |TAMS 0x0000000615c00000| PB 0x0000000615c00000| Untracked 
|  88|0x0000000616000000, 0x0000000616000000, 0x0000000616400000|  0%| F|  |TAMS 0x0000000616000000| PB 0x0000000616000000| Untracked 
|  89|0x0000000616400000, 0x0000000616400000, 0x0000000616800000|  0%| F|  |TAMS 0x0000000616400000| PB 0x0000000616400000| Untracked 
|  90|0x0000000616800000, 0x0000000616800000, 0x0000000616c00000|  0%| F|  |TAMS 0x0000000616800000| PB 0x0000000616800000| Untracked 
|  91|0x0000000616c00000, 0x0000000616c00000, 0x0000000617000000|  0%| F|  |TAMS 0x0000000616c00000| PB 0x0000000616c00000| Untracked 
|  92|0x0000000617000000, 0x0000000617000000, 0x0000000617400000|  0%| F|  |TAMS 0x0000000617000000| PB 0x0000000617000000| Untracked 
|  93|0x0000000617400000, 0x0000000617400000, 0x0000000617800000|  0%| F|  |TAMS 0x0000000617400000| PB 0x0000000617400000| Untracked 
|  94|0x0000000617800000, 0x0000000617800000, 0x0000000617c00000|  0%| F|  |TAMS 0x0000000617800000| PB 0x0000000617800000| Untracked 
|  95|0x0000000617c00000, 0x0000000617c00000, 0x0000000618000000|  0%| F|  |TAMS 0x0000000617c00000| PB 0x0000000617c00000| Untracked 
|  96|0x0000000618000000, 0x0000000618000000, 0x0000000618400000|  0%| F|  |TAMS 0x0000000618000000| PB 0x0000000618000000| Untracked 
|  97|0x0000000618400000, 0x0000000618400000, 0x0000000618800000|  0%| F|  |TAMS 0x0000000618400000| PB 0x0000000618400000| Untracked 
|  98|0x0000000618800000, 0x0000000618800000, 0x0000000618c00000|  0%| F|  |TAMS 0x0000000618800000| PB 0x0000000618800000| Untracked 
|  99|0x0000000618c00000, 0x0000000618c00000, 0x0000000619000000|  0%| F|  |TAMS 0x0000000618c00000| PB 0x0000000618c00000| Untracked 
| 100|0x0000000619000000, 0x0000000619000000, 0x0000000619400000|  0%| F|  |TAMS 0x0000000619000000| PB 0x0000000619000000| Untracked 
| 101|0x0000000619400000, 0x0000000619400000, 0x0000000619800000|  0%| F|  |TAMS 0x0000000619400000| PB 0x0000000619400000| Untracked 
| 102|0x0000000619800000, 0x0000000619800000, 0x0000000619c00000|  0%| F|  |TAMS 0x0000000619800000| PB 0x0000000619800000| Untracked 
| 103|0x0000000619c00000, 0x0000000619c00000, 0x000000061a000000|  0%| F|  |TAMS 0x0000000619c00000| PB 0x0000000619c00000| Untracked 
| 104|0x000000061a000000, 0x000000061a000000, 0x000000061a400000|  0%| F|  |TAMS 0x000000061a000000| PB 0x000000061a000000| Untracked 
| 105|0x000000061a400000, 0x000000061a400000, 0x000000061a800000|  0%| F|  |TAMS 0x000000061a400000| PB 0x000000061a400000| Untracked 
| 106|0x000000061a800000, 0x000000061a800000, 0x000000061ac00000|  0%| F|  |TAMS 0x000000061a800000| PB 0x000000061a800000| Untracked 
| 107|0x000000061ac00000, 0x000000061ac00000, 0x000000061b000000|  0%| F|  |TAMS 0x000000061ac00000| PB 0x000000061ac00000| Untracked 
| 108|0x000000061b000000, 0x000000061b000000, 0x000000061b400000|  0%| F|  |TAMS 0x000000061b000000| PB 0x000000061b000000| Untracked 
| 109|0x000000061b400000, 0x000000061b400000, 0x000000061b800000|  0%| F|  |TAMS 0x000000061b400000| PB 0x000000061b400000| Untracked 
| 110|0x000000061b800000, 0x000000061b800000, 0x000000061bc00000|  0%| F|  |TAMS 0x000000061b800000| PB 0x000000061b800000| Untracked 
| 111|0x000000061bc00000, 0x000000061bc00000, 0x000000061c000000|  0%| F|  |TAMS 0x000000061bc00000| PB 0x000000061bc00000| Untracked 
| 112|0x000000061c000000, 0x000000061c000000, 0x000000061c400000|  0%| F|  |TAMS 0x000000061c000000| PB 0x000000061c000000| Untracked 
| 113|0x000000061c400000, 0x000000061c400000, 0x000000061c800000|  0%| F|  |TAMS 0x000000061c400000| PB 0x000000061c400000| Untracked 
| 114|0x000000061c800000, 0x000000061c800000, 0x000000061cc00000|  0%| F|  |TAMS 0x000000061c800000| PB 0x000000061c800000| Untracked 
| 115|0x000000061cc00000, 0x000000061cc00000, 0x000000061d000000|  0%| F|  |TAMS 0x000000061cc00000| PB 0x000000061cc00000| Untracked 
| 116|0x000000061d000000, 0x000000061d000000, 0x000000061d400000|  0%| F|  |TAMS 0x000000061d000000| PB 0x000000061d000000| Untracked 
| 117|0x000000061d400000, 0x000000061d400000, 0x000000061d800000|  0%| F|  |TAMS 0x000000061d400000| PB 0x000000061d400000| Untracked 
| 118|0x000000061d800000, 0x000000061d800000, 0x000000061dc00000|  0%| F|  |TAMS 0x000000061d800000| PB 0x000000061d800000| Untracked 
| 119|0x000000061dc00000, 0x000000061dc00000, 0x000000061e000000|  0%| F|  |TAMS 0x000000061dc00000| PB 0x000000061dc00000| Untracked 
| 120|0x000000061e000000, 0x000000061e000000, 0x000000061e400000|  0%| F|  |TAMS 0x000000061e000000| PB 0x000000061e000000| Untracked 
| 121|0x000000061e400000, 0x000000061e400000, 0x000000061e800000|  0%| F|  |TAMS 0x000000061e400000| PB 0x000000061e400000| Untracked 
| 122|0x000000061e800000, 0x000000061e800000, 0x000000061ec00000|  0%| F|  |TAMS 0x000000061e800000| PB 0x000000061e800000| Untracked 
| 123|0x000000061ec00000, 0x000000061ec00000, 0x000000061f000000|  0%| F|  |TAMS 0x000000061ec00000| PB 0x000000061ec00000| Untracked 
| 124|0x000000061f000000, 0x000000061f000000, 0x000000061f400000|  0%| F|  |TAMS 0x000000061f000000| PB 0x000000061f000000| Untracked 
| 125|0x000000061f400000, 0x000000061f400000, 0x000000061f800000|  0%| F|  |TAMS 0x000000061f400000| PB 0x000000061f400000| Untracked 
| 126|0x000000061f800000, 0x000000061f800000, 0x000000061fc00000|  0%| F|  |TAMS 0x000000061f800000| PB 0x000000061f800000| Untracked 
| 127|0x000000061fc00000, 0x000000061fc00000, 0x0000000620000000|  0%| F|  |TAMS 0x000000061fc00000| PB 0x000000061fc00000| Untracked 
| 128|0x0000000620000000, 0x0000000620000000, 0x0000000620400000|  0%| F|  |TAMS 0x0000000620000000| PB 0x0000000620000000| Untracked 
| 129|0x0000000620400000, 0x0000000620400000, 0x0000000620800000|  0%| F|  |TAMS 0x0000000620400000| PB 0x0000000620400000| Untracked 
| 130|0x0000000620800000, 0x0000000620800000, 0x0000000620c00000|  0%| F|  |TAMS 0x0000000620800000| PB 0x0000000620800000| Untracked 
| 131|0x0000000620c00000, 0x0000000620c00000, 0x0000000621000000|  0%| F|  |TAMS 0x0000000620c00000| PB 0x0000000620c00000| Untracked 
| 132|0x0000000621000000, 0x0000000621000000, 0x0000000621400000|  0%| F|  |TAMS 0x0000000621000000| PB 0x0000000621000000| Untracked 
| 133|0x0000000621400000, 0x0000000621400000, 0x0000000621800000|  0%| F|  |TAMS 0x0000000621400000| PB 0x0000000621400000| Untracked 
| 134|0x0000000621800000, 0x0000000621800000, 0x0000000621c00000|  0%| F|  |TAMS 0x0000000621800000| PB 0x0000000621800000| Untracked 
| 135|0x0000000621c00000, 0x0000000621c00000, 0x0000000622000000|  0%| F|  |TAMS 0x0000000621c00000| PB 0x0000000621c00000| Untracked 
| 136|0x0000000622000000, 0x0000000622000000, 0x0000000622400000|  0%| F|  |TAMS 0x0000000622000000| PB 0x0000000622000000| Untracked 
| 137|0x0000000622400000, 0x0000000622400000, 0x0000000622800000|  0%| F|  |TAMS 0x0000000622400000| PB 0x0000000622400000| Untracked 
| 138|0x0000000622800000, 0x0000000622800000, 0x0000000622c00000|  0%| F|  |TAMS 0x0000000622800000| PB 0x0000000622800000| Untracked 
| 139|0x0000000622c00000, 0x0000000622c00000, 0x0000000623000000|  0%| F|  |TAMS 0x0000000622c00000| PB 0x0000000622c00000| Untracked 
| 140|0x0000000623000000, 0x0000000623000000, 0x0000000623400000|  0%| F|  |TAMS 0x0000000623000000| PB 0x0000000623000000| Untracked 
| 141|0x0000000623400000, 0x0000000623400000, 0x0000000623800000|  0%| F|  |TAMS 0x0000000623400000| PB 0x0000000623400000| Untracked 
| 142|0x0000000623800000, 0x0000000623800000, 0x0000000623c00000|  0%| F|  |TAMS 0x0000000623800000| PB 0x0000000623800000| Untracked 
| 143|0x0000000623c00000, 0x0000000623c00000, 0x0000000624000000|  0%| F|  |TAMS 0x0000000623c00000| PB 0x0000000623c00000| Untracked 
| 144|0x0000000624000000, 0x0000000624000000, 0x0000000624400000|  0%| F|  |TAMS 0x0000000624000000| PB 0x0000000624000000| Untracked 
| 145|0x0000000624400000, 0x0000000624400000, 0x0000000624800000|  0%| F|  |TAMS 0x0000000624400000| PB 0x0000000624400000| Untracked 
| 146|0x0000000624800000, 0x0000000624800000, 0x0000000624c00000|  0%| F|  |TAMS 0x0000000624800000| PB 0x0000000624800000| Untracked 
| 147|0x0000000624c00000, 0x0000000624c00000, 0x0000000625000000|  0%| F|  |TAMS 0x0000000624c00000| PB 0x0000000624c00000| Untracked 
| 148|0x0000000625000000, 0x0000000625000000, 0x0000000625400000|  0%| F|  |TAMS 0x0000000625000000| PB 0x0000000625000000| Untracked 
| 149|0x0000000625400000, 0x0000000625400000, 0x0000000625800000|  0%| F|  |TAMS 0x0000000625400000| PB 0x0000000625400000| Untracked 
| 150|0x0000000625800000, 0x0000000625800000, 0x0000000625c00000|  0%| F|  |TAMS 0x0000000625800000| PB 0x0000000625800000| Untracked 
| 151|0x0000000625c00000, 0x0000000625c00000, 0x0000000626000000|  0%| F|  |TAMS 0x0000000625c00000| PB 0x0000000625c00000| Untracked 
| 152|0x0000000626000000, 0x0000000626000000, 0x0000000626400000|  0%| F|  |TAMS 0x0000000626000000| PB 0x0000000626000000| Untracked 
| 153|0x0000000626400000, 0x0000000626400000, 0x0000000626800000|  0%| F|  |TAMS 0x0000000626400000| PB 0x0000000626400000| Untracked 
| 154|0x0000000626800000, 0x0000000626800000, 0x0000000626c00000|  0%| F|  |TAMS 0x0000000626800000| PB 0x0000000626800000| Untracked 
| 155|0x0000000626c00000, 0x0000000626c00000, 0x0000000627000000|  0%| F|  |TAMS 0x0000000626c00000| PB 0x0000000626c00000| Untracked 
| 156|0x0000000627000000, 0x0000000627000000, 0x0000000627400000|  0%| F|  |TAMS 0x0000000627000000| PB 0x0000000627000000| Untracked 
| 157|0x0000000627400000, 0x0000000627400000, 0x0000000627800000|  0%| F|  |TAMS 0x0000000627400000| PB 0x0000000627400000| Untracked 
| 158|0x0000000627800000, 0x0000000627800000, 0x0000000627c00000|  0%| F|  |TAMS 0x0000000627800000| PB 0x0000000627800000| Untracked 
| 159|0x0000000627c00000, 0x0000000627c00000, 0x0000000628000000|  0%| F|  |TAMS 0x0000000627c00000| PB 0x0000000627c00000| Untracked 
| 160|0x0000000628000000, 0x0000000628000000, 0x0000000628400000|  0%| F|  |TAMS 0x0000000628000000| PB 0x0000000628000000| Untracked 
| 161|0x0000000628400000, 0x0000000628400000, 0x0000000628800000|  0%| F|  |TAMS 0x0000000628400000| PB 0x0000000628400000| Untracked 
| 162|0x0000000628800000, 0x0000000628800000, 0x0000000628c00000|  0%| F|  |TAMS 0x0000000628800000| PB 0x0000000628800000| Untracked 
| 163|0x0000000628c00000, 0x0000000628c00000, 0x0000000629000000|  0%| F|  |TAMS 0x0000000628c00000| PB 0x0000000628c00000| Untracked 
| 164|0x0000000629000000, 0x0000000629000000, 0x0000000629400000|  0%| F|  |TAMS 0x0000000629000000| PB 0x0000000629000000| Untracked 
| 165|0x0000000629400000, 0x0000000629400000, 0x0000000629800000|  0%| F|  |TAMS 0x0000000629400000| PB 0x0000000629400000| Untracked 
| 166|0x0000000629800000, 0x0000000629800000, 0x0000000629c00000|  0%| F|  |TAMS 0x0000000629800000| PB 0x0000000629800000| Untracked 
| 167|0x0000000629c00000, 0x0000000629c00000, 0x000000062a000000|  0%| F|  |TAMS 0x0000000629c00000| PB 0x0000000629c00000| Untracked 
| 168|0x000000062a000000, 0x000000062a000000, 0x000000062a400000|  0%| F|  |TAMS 0x000000062a000000| PB 0x000000062a000000| Untracked 
| 169|0x000000062a400000, 0x000000062a400000, 0x000000062a800000|  0%| F|  |TAMS 0x000000062a400000| PB 0x000000062a400000| Untracked 
| 170|0x000000062a800000, 0x000000062a800000, 0x000000062ac00000|  0%| F|  |TAMS 0x000000062a800000| PB 0x000000062a800000| Untracked 
| 171|0x000000062ac00000, 0x000000062ac00000, 0x000000062b000000|  0%| F|  |TAMS 0x000000062ac00000| PB 0x000000062ac00000| Untracked 
| 172|0x000000062b000000, 0x000000062b000000, 0x000000062b400000|  0%| F|  |TAMS 0x000000062b000000| PB 0x000000062b000000| Untracked 
| 173|0x000000062b400000, 0x000000062b400000, 0x000000062b800000|  0%| F|  |TAMS 0x000000062b400000| PB 0x000000062b400000| Untracked 
| 174|0x000000062b800000, 0x000000062b800000, 0x000000062bc00000|  0%| F|  |TAMS 0x000000062b800000| PB 0x000000062b800000| Untracked 
| 175|0x000000062bc00000, 0x000000062bc00000, 0x000000062c000000|  0%| F|  |TAMS 0x000000062bc00000| PB 0x000000062bc00000| Untracked 
| 176|0x000000062c000000, 0x000000062c000000, 0x000000062c400000|  0%| F|  |TAMS 0x000000062c000000| PB 0x000000062c000000| Untracked 
| 177|0x000000062c400000, 0x000000062c400000, 0x000000062c800000|  0%| F|  |TAMS 0x000000062c400000| PB 0x000000062c400000| Untracked 
| 178|0x000000062c800000, 0x000000062c800000, 0x000000062cc00000|  0%| F|  |TAMS 0x000000062c800000| PB 0x000000062c800000| Untracked 
| 179|0x000000062cc00000, 0x000000062cc00000, 0x000000062d000000|  0%| F|  |TAMS 0x000000062cc00000| PB 0x000000062cc00000| Untracked 
| 180|0x000000062d000000, 0x000000062d000000, 0x000000062d400000|  0%| F|  |TAMS 0x000000062d000000| PB 0x000000062d000000| Untracked 
| 181|0x000000062d400000, 0x000000062d400000, 0x000000062d800000|  0%| F|  |TAMS 0x000000062d400000| PB 0x000000062d400000| Untracked 
| 182|0x000000062d800000, 0x000000062d800000, 0x000000062dc00000|  0%| F|  |TAMS 0x000000062d800000| PB 0x000000062d800000| Untracked 
| 183|0x000000062dc00000, 0x000000062dc00000, 0x000000062e000000|  0%| F|  |TAMS 0x000000062dc00000| PB 0x000000062dc00000| Untracked 
| 184|0x000000062e000000, 0x000000062e000000, 0x000000062e400000|  0%| F|  |TAMS 0x000000062e000000| PB 0x000000062e000000| Untracked 
| 185|0x000000062e400000, 0x000000062e400000, 0x000000062e800000|  0%| F|  |TAMS 0x000000062e400000| PB 0x000000062e400000| Untracked 
| 186|0x000000062e800000, 0x000000062e800000, 0x000000062ec00000|  0%| F|  |TAMS 0x000000062e800000| PB 0x000000062e800000| Untracked 
| 187|0x000000062ec00000, 0x000000062ec00000, 0x000000062f000000|  0%| F|  |TAMS 0x000000062ec00000| PB 0x000000062ec00000| Untracked 
| 188|0x000000062f000000, 0x000000062f000000, 0x000000062f400000|  0%| F|  |TAMS 0x000000062f000000| PB 0x000000062f000000| Untracked 
| 189|0x000000062f400000, 0x000000062f400000, 0x000000062f800000|  0%| F|  |TAMS 0x000000062f400000| PB 0x000000062f400000| Untracked 
| 190|0x000000062f800000, 0x000000062f800000, 0x000000062fc00000|  0%| F|  |TAMS 0x000000062f800000| PB 0x000000062f800000| Untracked 
| 191|0x000000062fc00000, 0x000000062fc00000, 0x0000000630000000|  0%| F|  |TAMS 0x000000062fc00000| PB 0x000000062fc00000| Untracked 
| 192|0x0000000630000000, 0x0000000630000000, 0x0000000630400000|  0%| F|  |TAMS 0x0000000630000000| PB 0x0000000630000000| Untracked 
| 193|0x0000000630400000, 0x0000000630400000, 0x0000000630800000|  0%| F|  |TAMS 0x0000000630400000| PB 0x0000000630400000| Untracked 
| 194|0x0000000630800000, 0x0000000630800000, 0x0000000630c00000|  0%| F|  |TAMS 0x0000000630800000| PB 0x0000000630800000| Untracked 
| 195|0x0000000630c00000, 0x0000000630c00000, 0x0000000631000000|  0%| F|  |TAMS 0x0000000630c00000| PB 0x0000000630c00000| Untracked 
| 196|0x0000000631000000, 0x0000000631000000, 0x0000000631400000|  0%| F|  |TAMS 0x0000000631000000| PB 0x0000000631000000| Untracked 
| 197|0x0000000631400000, 0x0000000631400000, 0x0000000631800000|  0%| F|  |TAMS 0x0000000631400000| PB 0x0000000631400000| Untracked 
| 198|0x0000000631800000, 0x0000000631800000, 0x0000000631c00000|  0%| F|  |TAMS 0x0000000631800000| PB 0x0000000631800000| Untracked 
| 199|0x0000000631c00000, 0x0000000631c00000, 0x0000000632000000|  0%| F|  |TAMS 0x0000000631c00000| PB 0x0000000631c00000| Untracked 
| 200|0x0000000632000000, 0x0000000632000000, 0x0000000632400000|  0%| F|  |TAMS 0x0000000632000000| PB 0x0000000632000000| Untracked 
| 201|0x0000000632400000, 0x0000000632400000, 0x0000000632800000|  0%| F|  |TAMS 0x0000000632400000| PB 0x0000000632400000| Untracked 
| 202|0x0000000632800000, 0x0000000632800000, 0x0000000632c00000|  0%| F|  |TAMS 0x0000000632800000| PB 0x0000000632800000| Untracked 
| 203|0x0000000632c00000, 0x0000000632c00000, 0x0000000633000000|  0%| F|  |TAMS 0x0000000632c00000| PB 0x0000000632c00000| Untracked 
| 204|0x0000000633000000, 0x0000000633000000, 0x0000000633400000|  0%| F|  |TAMS 0x0000000633000000| PB 0x0000000633000000| Untracked 
| 205|0x0000000633400000, 0x0000000633400000, 0x0000000633800000|  0%| F|  |TAMS 0x0000000633400000| PB 0x0000000633400000| Untracked 
| 206|0x0000000633800000, 0x0000000633800000, 0x0000000633c00000|  0%| F|  |TAMS 0x0000000633800000| PB 0x0000000633800000| Untracked 
| 207|0x0000000633c00000, 0x0000000633c00000, 0x0000000634000000|  0%| F|  |TAMS 0x0000000633c00000| PB 0x0000000633c00000| Untracked 
| 208|0x0000000634000000, 0x0000000634000000, 0x0000000634400000|  0%| F|  |TAMS 0x0000000634000000| PB 0x0000000634000000| Untracked 
| 209|0x0000000634400000, 0x0000000634400000, 0x0000000634800000|  0%| F|  |TAMS 0x0000000634400000| PB 0x0000000634400000| Untracked 
| 210|0x0000000634800000, 0x0000000634800000, 0x0000000634c00000|  0%| F|  |TAMS 0x0000000634800000| PB 0x0000000634800000| Untracked 
| 211|0x0000000634c00000, 0x0000000634c00000, 0x0000000635000000|  0%| F|  |TAMS 0x0000000634c00000| PB 0x0000000634c00000| Untracked 
| 212|0x0000000635000000, 0x0000000635000000, 0x0000000635400000|  0%| F|  |TAMS 0x0000000635000000| PB 0x0000000635000000| Untracked 
| 213|0x0000000635400000, 0x0000000635400000, 0x0000000635800000|  0%| F|  |TAMS 0x0000000635400000| PB 0x0000000635400000| Untracked 
| 214|0x0000000635800000, 0x0000000635800000, 0x0000000635c00000|  0%| F|  |TAMS 0x0000000635800000| PB 0x0000000635800000| Untracked 
| 215|0x0000000635c00000, 0x0000000635c00000, 0x0000000636000000|  0%| F|  |TAMS 0x0000000635c00000| PB 0x0000000635c00000| Untracked 
| 216|0x0000000636000000, 0x0000000636000000, 0x0000000636400000|  0%| F|  |TAMS 0x0000000636000000| PB 0x0000000636000000| Untracked 
| 217|0x0000000636400000, 0x0000000636400000, 0x0000000636800000|  0%| F|  |TAMS 0x0000000636400000| PB 0x0000000636400000| Untracked 
| 218|0x0000000636800000, 0x0000000636800000, 0x0000000636c00000|  0%| F|  |TAMS 0x0000000636800000| PB 0x0000000636800000| Untracked 
| 219|0x0000000636c00000, 0x0000000636c00000, 0x0000000637000000|  0%| F|  |TAMS 0x0000000636c00000| PB 0x0000000636c00000| Untracked 
| 220|0x0000000637000000, 0x0000000637000000, 0x0000000637400000|  0%| F|  |TAMS 0x0000000637000000| PB 0x0000000637000000| Untracked 
| 221|0x0000000637400000, 0x0000000637400000, 0x0000000637800000|  0%| F|  |TAMS 0x0000000637400000| PB 0x0000000637400000| Untracked 
| 222|0x0000000637800000, 0x0000000637800000, 0x0000000637c00000|  0%| F|  |TAMS 0x0000000637800000| PB 0x0000000637800000| Untracked 
| 223|0x0000000637c00000, 0x0000000637c00000, 0x0000000638000000|  0%| F|  |TAMS 0x0000000637c00000| PB 0x0000000637c00000| Untracked 
| 224|0x0000000638000000, 0x0000000638000000, 0x0000000638400000|  0%| F|  |TAMS 0x0000000638000000| PB 0x0000000638000000| Untracked 
| 225|0x0000000638400000, 0x0000000638400000, 0x0000000638800000|  0%| F|  |TAMS 0x0000000638400000| PB 0x0000000638400000| Untracked 
| 226|0x0000000638800000, 0x0000000638800000, 0x0000000638c00000|  0%| F|  |TAMS 0x0000000638800000| PB 0x0000000638800000| Untracked 
| 227|0x0000000638c00000, 0x0000000638c00000, 0x0000000639000000|  0%| F|  |TAMS 0x0000000638c00000| PB 0x0000000638c00000| Untracked 
| 228|0x0000000639000000, 0x0000000639000000, 0x0000000639400000|  0%| F|  |TAMS 0x0000000639000000| PB 0x0000000639000000| Untracked 
| 229|0x0000000639400000, 0x0000000639400000, 0x0000000639800000|  0%| F|  |TAMS 0x0000000639400000| PB 0x0000000639400000| Untracked 
| 230|0x0000000639800000, 0x0000000639800000, 0x0000000639c00000|  0%| F|  |TAMS 0x0000000639800000| PB 0x0000000639800000| Untracked 
| 231|0x0000000639c00000, 0x0000000639c00000, 0x000000063a000000|  0%| F|  |TAMS 0x0000000639c00000| PB 0x0000000639c00000| Untracked 
| 232|0x000000063a000000, 0x000000063a000000, 0x000000063a400000|  0%| F|  |TAMS 0x000000063a000000| PB 0x000000063a000000| Untracked 
| 233|0x000000063a400000, 0x000000063a400000, 0x000000063a800000|  0%| F|  |TAMS 0x000000063a400000| PB 0x000000063a400000| Untracked 
| 234|0x000000063a800000, 0x000000063a800000, 0x000000063ac00000|  0%| F|  |TAMS 0x000000063a800000| PB 0x000000063a800000| Untracked 
| 235|0x000000063ac00000, 0x000000063ac00000, 0x000000063b000000|  0%| F|  |TAMS 0x000000063ac00000| PB 0x000000063ac00000| Untracked 
| 236|0x000000063b000000, 0x000000063b000000, 0x000000063b400000|  0%| F|  |TAMS 0x000000063b000000| PB 0x000000063b000000| Untracked 
| 237|0x000000063b400000, 0x000000063b400000, 0x000000063b800000|  0%| F|  |TAMS 0x000000063b400000| PB 0x000000063b400000| Untracked 
| 238|0x000000063b800000, 0x000000063b800000, 0x000000063bc00000|  0%| F|  |TAMS 0x000000063b800000| PB 0x000000063b800000| Untracked 
| 239|0x000000063bc00000, 0x000000063bc00000, 0x000000063c000000|  0%| F|  |TAMS 0x000000063bc00000| PB 0x000000063bc00000| Untracked 
| 240|0x000000063c000000, 0x000000063c000000, 0x000000063c400000|  0%| F|  |TAMS 0x000000063c000000| PB 0x000000063c000000| Untracked 
| 241|0x000000063c400000, 0x000000063c400000, 0x000000063c800000|  0%| F|  |TAMS 0x000000063c400000| PB 0x000000063c400000| Untracked 
| 242|0x000000063c800000, 0x000000063c800000, 0x000000063cc00000|  0%| F|  |TAMS 0x000000063c800000| PB 0x000000063c800000| Untracked 
| 243|0x000000063cc00000, 0x000000063cc00000, 0x000000063d000000|  0%| F|  |TAMS 0x000000063cc00000| PB 0x000000063cc00000| Untracked 
| 244|0x000000063d000000, 0x000000063d000000, 0x000000063d400000|  0%| F|  |TAMS 0x000000063d000000| PB 0x000000063d000000| Untracked 
| 245|0x000000063d400000, 0x000000063d400000, 0x000000063d800000|  0%| F|  |TAMS 0x000000063d400000| PB 0x000000063d400000| Untracked 
| 246|0x000000063d800000, 0x000000063d800000, 0x000000063dc00000|  0%| F|  |TAMS 0x000000063d800000| PB 0x000000063d800000| Untracked 
| 247|0x000000063dc00000, 0x000000063dc00000, 0x000000063e000000|  0%| F|  |TAMS 0x000000063dc00000| PB 0x000000063dc00000| Untracked 
| 248|0x000000063e000000, 0x000000063e000000, 0x000000063e400000|  0%| F|  |TAMS 0x000000063e000000| PB 0x000000063e000000| Untracked 
| 249|0x000000063e400000, 0x000000063e400000, 0x000000063e800000|  0%| F|  |TAMS 0x000000063e400000| PB 0x000000063e400000| Untracked 
| 250|0x000000063e800000, 0x000000063e800000, 0x000000063ec00000|  0%| F|  |TAMS 0x000000063e800000| PB 0x000000063e800000| Untracked 
| 251|0x000000063ec00000, 0x000000063ec00000, 0x000000063f000000|  0%| F|  |TAMS 0x000000063ec00000| PB 0x000000063ec00000| Untracked 
| 252|0x000000063f000000, 0x000000063f000000, 0x000000063f400000|  0%| F|  |TAMS 0x000000063f000000| PB 0x000000063f000000| Untracked 
| 253|0x000000063f400000, 0x000000063f400000, 0x000000063f800000|  0%| F|  |TAMS 0x000000063f400000| PB 0x000000063f400000| Untracked 
| 254|0x000000063f800000, 0x000000063f800000, 0x000000063fc00000|  0%| F|  |TAMS 0x000000063f800000| PB 0x000000063f800000| Untracked 
| 255|0x000000063fc00000, 0x000000063fc00000, 0x0000000640000000|  0%| F|  |TAMS 0x000000063fc00000| PB 0x000000063fc00000| Untracked 
| 256|0x0000000640000000, 0x0000000640000000, 0x0000000640400000|  0%| F|  |TAMS 0x0000000640000000| PB 0x0000000640000000| Untracked 
| 257|0x0000000640400000, 0x0000000640400000, 0x0000000640800000|  0%| F|  |TAMS 0x0000000640400000| PB 0x0000000640400000| Untracked 
| 258|0x0000000640800000, 0x0000000640800000, 0x0000000640c00000|  0%| F|  |TAMS 0x0000000640800000| PB 0x0000000640800000| Untracked 
| 259|0x0000000640c00000, 0x0000000640c00000, 0x0000000641000000|  0%| F|  |TAMS 0x0000000640c00000| PB 0x0000000640c00000| Untracked 
| 260|0x0000000641000000, 0x0000000641000000, 0x0000000641400000|  0%| F|  |TAMS 0x0000000641000000| PB 0x0000000641000000| Untracked 
| 261|0x0000000641400000, 0x0000000641400000, 0x0000000641800000|  0%| F|  |TAMS 0x0000000641400000| PB 0x0000000641400000| Untracked 
| 262|0x0000000641800000, 0x0000000641800000, 0x0000000641c00000|  0%| F|  |TAMS 0x0000000641800000| PB 0x0000000641800000| Untracked 
| 263|0x0000000641c00000, 0x0000000641c00000, 0x0000000642000000|  0%| F|  |TAMS 0x0000000641c00000| PB 0x0000000641c00000| Untracked 
| 264|0x0000000642000000, 0x0000000642000000, 0x0000000642400000|  0%| F|  |TAMS 0x0000000642000000| PB 0x0000000642000000| Untracked 
| 265|0x0000000642400000, 0x0000000642400000, 0x0000000642800000|  0%| F|  |TAMS 0x0000000642400000| PB 0x0000000642400000| Untracked 
| 266|0x0000000642800000, 0x0000000642800000, 0x0000000642c00000|  0%| F|  |TAMS 0x0000000642800000| PB 0x0000000642800000| Untracked 
| 267|0x0000000642c00000, 0x0000000642c00000, 0x0000000643000000|  0%| F|  |TAMS 0x0000000642c00000| PB 0x0000000642c00000| Untracked 
| 268|0x0000000643000000, 0x0000000643000000, 0x0000000643400000|  0%| F|  |TAMS 0x0000000643000000| PB 0x0000000643000000| Untracked 
| 269|0x0000000643400000, 0x0000000643400000, 0x0000000643800000|  0%| F|  |TAMS 0x0000000643400000| PB 0x0000000643400000| Untracked 
| 270|0x0000000643800000, 0x0000000643800000, 0x0000000643c00000|  0%| F|  |TAMS 0x0000000643800000| PB 0x0000000643800000| Untracked 
| 271|0x0000000643c00000, 0x0000000643c00000, 0x0000000644000000|  0%| F|  |TAMS 0x0000000643c00000| PB 0x0000000643c00000| Untracked 
| 272|0x0000000644000000, 0x0000000644000000, 0x0000000644400000|  0%| F|  |TAMS 0x0000000644000000| PB 0x0000000644000000| Untracked 
| 273|0x0000000644400000, 0x0000000644400000, 0x0000000644800000|  0%| F|  |TAMS 0x0000000644400000| PB 0x0000000644400000| Untracked 
| 274|0x0000000644800000, 0x0000000644800000, 0x0000000644c00000|  0%| F|  |TAMS 0x0000000644800000| PB 0x0000000644800000| Untracked 
| 275|0x0000000644c00000, 0x0000000644c00000, 0x0000000645000000|  0%| F|  |TAMS 0x0000000644c00000| PB 0x0000000644c00000| Untracked 
| 276|0x0000000645000000, 0x0000000645000000, 0x0000000645400000|  0%| F|  |TAMS 0x0000000645000000| PB 0x0000000645000000| Untracked 
| 277|0x0000000645400000, 0x0000000645400000, 0x0000000645800000|  0%| F|  |TAMS 0x0000000645400000| PB 0x0000000645400000| Untracked 
| 278|0x0000000645800000, 0x0000000645800000, 0x0000000645c00000|  0%| F|  |TAMS 0x0000000645800000| PB 0x0000000645800000| Untracked 
| 279|0x0000000645c00000, 0x0000000645c00000, 0x0000000646000000|  0%| F|  |TAMS 0x0000000645c00000| PB 0x0000000645c00000| Untracked 
| 280|0x0000000646000000, 0x0000000646000000, 0x0000000646400000|  0%| F|  |TAMS 0x0000000646000000| PB 0x0000000646000000| Untracked 
| 281|0x0000000646400000, 0x0000000646400000, 0x0000000646800000|  0%| F|  |TAMS 0x0000000646400000| PB 0x0000000646400000| Untracked 
| 282|0x0000000646800000, 0x0000000646800000, 0x0000000646c00000|  0%| F|  |TAMS 0x0000000646800000| PB 0x0000000646800000| Untracked 
| 283|0x0000000646c00000, 0x0000000646c00000, 0x0000000647000000|  0%| F|  |TAMS 0x0000000646c00000| PB 0x0000000646c00000| Untracked 
| 284|0x0000000647000000, 0x0000000647000000, 0x0000000647400000|  0%| F|  |TAMS 0x0000000647000000| PB 0x0000000647000000| Untracked 
| 285|0x0000000647400000, 0x0000000647400000, 0x0000000647800000|  0%| F|  |TAMS 0x0000000647400000| PB 0x0000000647400000| Untracked 
| 286|0x0000000647800000, 0x0000000647800000, 0x0000000647c00000|  0%| F|  |TAMS 0x0000000647800000| PB 0x0000000647800000| Untracked 
| 287|0x0000000647c00000, 0x0000000647c00000, 0x0000000648000000|  0%| F|  |TAMS 0x0000000647c00000| PB 0x0000000647c00000| Untracked 
| 288|0x0000000648000000, 0x0000000648000000, 0x0000000648400000|  0%| F|  |TAMS 0x0000000648000000| PB 0x0000000648000000| Untracked 
| 289|0x0000000648400000, 0x0000000648400000, 0x0000000648800000|  0%| F|  |TAMS 0x0000000648400000| PB 0x0000000648400000| Untracked 
| 290|0x0000000648800000, 0x0000000648800000, 0x0000000648c00000|  0%| F|  |TAMS 0x0000000648800000| PB 0x0000000648800000| Untracked 
| 291|0x0000000648c00000, 0x0000000648c00000, 0x0000000649000000|  0%| F|  |TAMS 0x0000000648c00000| PB 0x0000000648c00000| Untracked 
| 292|0x0000000649000000, 0x0000000649000000, 0x0000000649400000|  0%| F|  |TAMS 0x0000000649000000| PB 0x0000000649000000| Untracked 
| 293|0x0000000649400000, 0x0000000649400000, 0x0000000649800000|  0%| F|  |TAMS 0x0000000649400000| PB 0x0000000649400000| Untracked 
| 294|0x0000000649800000, 0x0000000649800000, 0x0000000649c00000|  0%| F|  |TAMS 0x0000000649800000| PB 0x0000000649800000| Untracked 
| 295|0x0000000649c00000, 0x0000000649c00000, 0x000000064a000000|  0%| F|  |TAMS 0x0000000649c00000| PB 0x0000000649c00000| Untracked 
| 296|0x000000064a000000, 0x000000064a000000, 0x000000064a400000|  0%| F|  |TAMS 0x000000064a000000| PB 0x000000064a000000| Untracked 
| 297|0x000000064a400000, 0x000000064a400000, 0x000000064a800000|  0%| F|  |TAMS 0x000000064a400000| PB 0x000000064a400000| Untracked 
| 298|0x000000064a800000, 0x000000064a800000, 0x000000064ac00000|  0%| F|  |TAMS 0x000000064a800000| PB 0x000000064a800000| Untracked 
| 299|0x000000064ac00000, 0x000000064ac00000, 0x000000064b000000|  0%| F|  |TAMS 0x000000064ac00000| PB 0x000000064ac00000| Untracked 
| 300|0x000000064b000000, 0x000000064b000000, 0x000000064b400000|  0%| F|  |TAMS 0x000000064b000000| PB 0x000000064b000000| Untracked 
| 301|0x000000064b400000, 0x000000064b400000, 0x000000064b800000|  0%| F|  |TAMS 0x000000064b400000| PB 0x000000064b400000| Untracked 
| 302|0x000000064b800000, 0x000000064b800000, 0x000000064bc00000|  0%| F|  |TAMS 0x000000064b800000| PB 0x000000064b800000| Untracked 
| 303|0x000000064bc00000, 0x000000064bc00000, 0x000000064c000000|  0%| F|  |TAMS 0x000000064bc00000| PB 0x000000064bc00000| Untracked 
| 304|0x000000064c000000, 0x000000064c000000, 0x000000064c400000|  0%| F|  |TAMS 0x000000064c000000| PB 0x000000064c000000| Untracked 
| 305|0x000000064c400000, 0x000000064c400000, 0x000000064c800000|  0%| F|  |TAMS 0x000000064c400000| PB 0x000000064c400000| Untracked 
| 306|0x000000064c800000, 0x000000064c800000, 0x000000064cc00000|  0%| F|  |TAMS 0x000000064c800000| PB 0x000000064c800000| Untracked 
| 307|0x000000064cc00000, 0x000000064cc00000, 0x000000064d000000|  0%| F|  |TAMS 0x000000064cc00000| PB 0x000000064cc00000| Untracked 
| 308|0x000000064d000000, 0x000000064d000000, 0x000000064d400000|  0%| F|  |TAMS 0x000000064d000000| PB 0x000000064d000000| Untracked 
| 309|0x000000064d400000, 0x000000064d400000, 0x000000064d800000|  0%| F|  |TAMS 0x000000064d400000| PB 0x000000064d400000| Untracked 
| 310|0x000000064d800000, 0x000000064d800000, 0x000000064dc00000|  0%| F|  |TAMS 0x000000064d800000| PB 0x000000064d800000| Untracked 
| 311|0x000000064dc00000, 0x000000064dc00000, 0x000000064e000000|  0%| F|  |TAMS 0x000000064dc00000| PB 0x000000064dc00000| Untracked 
| 312|0x000000064e000000, 0x000000064e000000, 0x000000064e400000|  0%| F|  |TAMS 0x000000064e000000| PB 0x000000064e000000| Untracked 
| 313|0x000000064e400000, 0x000000064e400000, 0x000000064e800000|  0%| F|  |TAMS 0x000000064e400000| PB 0x000000064e400000| Untracked 
| 314|0x000000064e800000, 0x000000064e800000, 0x000000064ec00000|  0%| F|  |TAMS 0x000000064e800000| PB 0x000000064e800000| Untracked 
| 315|0x000000064ec00000, 0x000000064ec00000, 0x000000064f000000|  0%| F|  |TAMS 0x000000064ec00000| PB 0x000000064ec00000| Untracked 
| 316|0x000000064f000000, 0x000000064f000000, 0x000000064f400000|  0%| F|  |TAMS 0x000000064f000000| PB 0x000000064f000000| Untracked 
| 317|0x000000064f400000, 0x000000064f400000, 0x000000064f800000|  0%| F|  |TAMS 0x000000064f400000| PB 0x000000064f400000| Untracked 
| 318|0x000000064f800000, 0x000000064f800000, 0x000000064fc00000|  0%| F|  |TAMS 0x000000064f800000| PB 0x000000064f800000| Untracked 
| 319|0x000000064fc00000, 0x000000064fc00000, 0x0000000650000000|  0%| F|  |TAMS 0x000000064fc00000| PB 0x000000064fc00000| Untracked 
| 320|0x0000000650000000, 0x0000000650000000, 0x0000000650400000|  0%| F|  |TAMS 0x0000000650000000| PB 0x0000000650000000| Untracked 
| 321|0x0000000650400000, 0x0000000650400000, 0x0000000650800000|  0%| F|  |TAMS 0x0000000650400000| PB 0x0000000650400000| Untracked 
| 322|0x0000000650800000, 0x0000000650800000, 0x0000000650c00000|  0%| F|  |TAMS 0x0000000650800000| PB 0x0000000650800000| Untracked 
| 323|0x0000000650c00000, 0x0000000650c00000, 0x0000000651000000|  0%| F|  |TAMS 0x0000000650c00000| PB 0x0000000650c00000| Untracked 
| 324|0x0000000651000000, 0x0000000651000000, 0x0000000651400000|  0%| F|  |TAMS 0x0000000651000000| PB 0x0000000651000000| Untracked 
| 325|0x0000000651400000, 0x0000000651400000, 0x0000000651800000|  0%| F|  |TAMS 0x0000000651400000| PB 0x0000000651400000| Untracked 
| 326|0x0000000651800000, 0x0000000651800000, 0x0000000651c00000|  0%| F|  |TAMS 0x0000000651800000| PB 0x0000000651800000| Untracked 
| 327|0x0000000651c00000, 0x0000000651c00000, 0x0000000652000000|  0%| F|  |TAMS 0x0000000651c00000| PB 0x0000000651c00000| Untracked 
| 328|0x0000000652000000, 0x0000000652000000, 0x0000000652400000|  0%| F|  |TAMS 0x0000000652000000| PB 0x0000000652000000| Untracked 
| 329|0x0000000652400000, 0x0000000652400000, 0x0000000652800000|  0%| F|  |TAMS 0x0000000652400000| PB 0x0000000652400000| Untracked 
| 330|0x0000000652800000, 0x0000000652800000, 0x0000000652c00000|  0%| F|  |TAMS 0x0000000652800000| PB 0x0000000652800000| Untracked 
| 331|0x0000000652c00000, 0x0000000652c00000, 0x0000000653000000|  0%| F|  |TAMS 0x0000000652c00000| PB 0x0000000652c00000| Untracked 
| 332|0x0000000653000000, 0x0000000653000000, 0x0000000653400000|  0%| F|  |TAMS 0x0000000653000000| PB 0x0000000653000000| Untracked 
| 333|0x0000000653400000, 0x0000000653400000, 0x0000000653800000|  0%| F|  |TAMS 0x0000000653400000| PB 0x0000000653400000| Untracked 
| 334|0x0000000653800000, 0x0000000653800000, 0x0000000653c00000|  0%| F|  |TAMS 0x0000000653800000| PB 0x0000000653800000| Untracked 
| 335|0x0000000653c00000, 0x0000000653c00000, 0x0000000654000000|  0%| F|  |TAMS 0x0000000653c00000| PB 0x0000000653c00000| Untracked 
| 336|0x0000000654000000, 0x0000000654000000, 0x0000000654400000|  0%| F|  |TAMS 0x0000000654000000| PB 0x0000000654000000| Untracked 
| 337|0x0000000654400000, 0x0000000654400000, 0x0000000654800000|  0%| F|  |TAMS 0x0000000654400000| PB 0x0000000654400000| Untracked 
| 338|0x0000000654800000, 0x0000000654800000, 0x0000000654c00000|  0%| F|  |TAMS 0x0000000654800000| PB 0x0000000654800000| Untracked 
| 339|0x0000000654c00000, 0x0000000654c00000, 0x0000000655000000|  0%| F|  |TAMS 0x0000000654c00000| PB 0x0000000654c00000| Untracked 
| 340|0x0000000655000000, 0x0000000655000000, 0x0000000655400000|  0%| F|  |TAMS 0x0000000655000000| PB 0x0000000655000000| Untracked 
| 341|0x0000000655400000, 0x0000000655400000, 0x0000000655800000|  0%| F|  |TAMS 0x0000000655400000| PB 0x0000000655400000| Untracked 
| 342|0x0000000655800000, 0x0000000655800000, 0x0000000655c00000|  0%| F|  |TAMS 0x0000000655800000| PB 0x0000000655800000| Untracked 
| 343|0x0000000655c00000, 0x0000000655c00000, 0x0000000656000000|  0%| F|  |TAMS 0x0000000655c00000| PB 0x0000000655c00000| Untracked 
| 344|0x0000000656000000, 0x0000000656000000, 0x0000000656400000|  0%| F|  |TAMS 0x0000000656000000| PB 0x0000000656000000| Untracked 
| 345|0x0000000656400000, 0x0000000656400000, 0x0000000656800000|  0%| F|  |TAMS 0x0000000656400000| PB 0x0000000656400000| Untracked 
| 346|0x0000000656800000, 0x0000000656800000, 0x0000000656c00000|  0%| F|  |TAMS 0x0000000656800000| PB 0x0000000656800000| Untracked 
| 347|0x0000000656c00000, 0x0000000656c00000, 0x0000000657000000|  0%| F|  |TAMS 0x0000000656c00000| PB 0x0000000656c00000| Untracked 
| 348|0x0000000657000000, 0x0000000657000000, 0x0000000657400000|  0%| F|  |TAMS 0x0000000657000000| PB 0x0000000657000000| Untracked 
| 349|0x0000000657400000, 0x0000000657400000, 0x0000000657800000|  0%| F|  |TAMS 0x0000000657400000| PB 0x0000000657400000| Untracked 
| 350|0x0000000657800000, 0x0000000657800000, 0x0000000657c00000|  0%| F|  |TAMS 0x0000000657800000| PB 0x0000000657800000| Untracked 
| 351|0x0000000657c00000, 0x0000000657c00000, 0x0000000658000000|  0%| F|  |TAMS 0x0000000657c00000| PB 0x0000000657c00000| Untracked 
| 352|0x0000000658000000, 0x0000000658000000, 0x0000000658400000|  0%| F|  |TAMS 0x0000000658000000| PB 0x0000000658000000| Untracked 
| 353|0x0000000658400000, 0x0000000658400000, 0x0000000658800000|  0%| F|  |TAMS 0x0000000658400000| PB 0x0000000658400000| Untracked 
| 354|0x0000000658800000, 0x0000000658800000, 0x0000000658c00000|  0%| F|  |TAMS 0x0000000658800000| PB 0x0000000658800000| Untracked 
| 355|0x0000000658c00000, 0x0000000658c00000, 0x0000000659000000|  0%| F|  |TAMS 0x0000000658c00000| PB 0x0000000658c00000| Untracked 
| 356|0x0000000659000000, 0x0000000659000000, 0x0000000659400000|  0%| F|  |TAMS 0x0000000659000000| PB 0x0000000659000000| Untracked 
| 357|0x0000000659400000, 0x0000000659400000, 0x0000000659800000|  0%| F|  |TAMS 0x0000000659400000| PB 0x0000000659400000| Untracked 
| 358|0x0000000659800000, 0x0000000659c00000, 0x0000000659c00000|100%| S|CS|TAMS 0x0000000659800000| PB 0x0000000659800000| Complete 
| 359|0x0000000659c00000, 0x000000065a000000, 0x000000065a000000|100%| S|CS|TAMS 0x0000000659c00000| PB 0x0000000659c00000| Complete 
| 360|0x000000065a000000, 0x000000065a400000, 0x000000065a400000|100%| S|CS|TAMS 0x000000065a000000| PB 0x000000065a000000| Complete 
| 361|0x000000065a400000, 0x000000065a400000, 0x000000065a800000|  0%| F|  |TAMS 0x000000065a400000| PB 0x000000065a400000| Untracked 
| 362|0x000000065a800000, 0x000000065a800000, 0x000000065ac00000|  0%| F|  |TAMS 0x000000065a800000| PB 0x000000065a800000| Untracked 
| 363|0x000000065ac00000, 0x000000065ac00000, 0x000000065b000000|  0%| F|  |TAMS 0x000000065ac00000| PB 0x000000065ac00000| Untracked 
| 364|0x000000065b000000, 0x000000065b000000, 0x000000065b400000|  0%| F|  |TAMS 0x000000065b000000| PB 0x000000065b000000| Untracked 
| 365|0x000000065b400000, 0x000000065b400000, 0x000000065b800000|  0%| F|  |TAMS 0x000000065b400000| PB 0x000000065b400000| Untracked 
| 366|0x000000065b800000, 0x000000065b800000, 0x000000065bc00000|  0%| F|  |TAMS 0x000000065b800000| PB 0x000000065b800000| Untracked 
| 367|0x000000065bc00000, 0x000000065bc00000, 0x000000065c000000|  0%| F|  |TAMS 0x000000065bc00000| PB 0x000000065bc00000| Untracked 
| 368|0x000000065c000000, 0x000000065c000000, 0x000000065c400000|  0%| F|  |TAMS 0x000000065c000000| PB 0x000000065c000000| Untracked 
| 369|0x000000065c400000, 0x000000065c400000, 0x000000065c800000|  0%| F|  |TAMS 0x000000065c400000| PB 0x000000065c400000| Untracked 
| 370|0x000000065c800000, 0x000000065c800000, 0x000000065cc00000|  0%| F|  |TAMS 0x000000065c800000| PB 0x000000065c800000| Untracked 
| 371|0x000000065cc00000, 0x000000065cc00000, 0x000000065d000000|  0%| F|  |TAMS 0x000000065cc00000| PB 0x000000065cc00000| Untracked 
| 372|0x000000065d000000, 0x000000065d000000, 0x000000065d400000|  0%| F|  |TAMS 0x000000065d000000| PB 0x000000065d000000| Untracked 
| 373|0x000000065d400000, 0x000000065d400000, 0x000000065d800000|  0%| F|  |TAMS 0x000000065d400000| PB 0x000000065d400000| Untracked 
| 374|0x000000065d800000, 0x000000065d800000, 0x000000065dc00000|  0%| F|  |TAMS 0x000000065d800000| PB 0x000000065d800000| Untracked 
| 375|0x000000065dc00000, 0x000000065dc00000, 0x000000065e000000|  0%| F|  |TAMS 0x000000065dc00000| PB 0x000000065dc00000| Untracked 
| 376|0x000000065e000000, 0x000000065e000000, 0x000000065e400000|  0%| F|  |TAMS 0x000000065e000000| PB 0x000000065e000000| Untracked 
|2045|0x00000007ff400000, 0x00000007ff400000, 0x00000007ff800000|  0%| F|  |TAMS 0x00000007ff400000| PB 0x00000007ff400000| Untracked 
|2046|0x00000007ff800000, 0x00000007ff800000, 0x00000007ffc00000|  0%| F|  |TAMS 0x00000007ff800000| PB 0x00000007ff800000| Untracked 
|2047|0x00000007ffc00000, 0x00000007ffc00000, 0x0000000800000000|  0%| F|  |TAMS 0x00000007ffc00000| PB 0x00000007ffc00000| Untracked 

Card table byte_map: [0x00000176e3c50000,0x00000176e4c50000] _byte_map_base: 0x00000176e0c50000

Marking Bits: (CMBitMap*) 0x00000176df5aa6d0
 Bits: [0x00000176e4c50000, 0x00000176ecc50000)

Polling page: 0x00000176dd280000

Metaspace:

Usage:
  Non-class:    154.32 MB used.
      Class:     22.80 MB used.
       Both:    177.12 MB used.

Virtual space:
  Non-class space:      192.00 MB reserved,     155.69 MB ( 81%) committed,  3 nodes.
      Class space:        1.00 GB reserved,      24.06 MB (  2%) committed,  1 nodes.
             Both:        1.19 GB reserved,     179.75 MB ( 15%) committed. 

Chunk freelists:
   Non-Class:  4.17 MB
       Class:  7.92 MB
        Both:  12.09 MB

MaxMetaspaceSize: 4.00 GB
CompressedClassSpaceSize: 1.00 GB
Initial GC threshold: 21.00 MB
Current GC threshold: 280.94 MB
CDS: on
 - commit_granule_bytes: 65536.
 - commit_granule_words: 8192.
 - virtual_space_node_default_size: 8388608.
 - enlarge_chunks_in_place: 1.
 - use_allocation_guard: 0.


Internal statistics:

num_allocs_failed_limit: 24.
num_arena_births: 4824.
num_arena_deaths: 4.
num_vsnodes_births: 4.
num_vsnodes_deaths: 0.
num_space_committed: 2874.
num_space_uncommitted: 0.
num_chunks_returned_to_freelist: 30.
num_chunks_taken_from_freelist: 12253.
num_chunk_merges: 24.
num_chunk_splits: 8552.
num_chunks_enlarged: 6060.
num_inconsistent_stats: 0.

CodeHeap 'non-profiled nmethods': size=259264Kb used=14553Kb max_used=14553Kb free=244710Kb
 bounds [0x00000176902d0000, 0x0000017691110000, 0x00000176a0000000]
CodeHeap 'profiled nmethods': size=259264Kb used=53831Kb max_used=53831Kb free=205432Kb
 bounds [0x0000017680000000, 0x00000176834a0000, 0x000001768fd30000]
CodeHeap 'non-nmethods': size=5760Kb used=2397Kb max_used=2456Kb free=3362Kb
 bounds [0x000001768fd30000, 0x000001768ffb0000, 0x00000176902d0000]
CodeCache: size=524288Kb, used=70781Kb, max_used=70840Kb, free=453504Kb
 total_blobs=22673, nmethods=21463, adapters=1110, full_count=0
Compilation: enabled, stopped_count=0, restarted_count=0

Compilation events (20 events):
Event: 823.330 Thread 0x00000176eee10b10 27053       3       java.util.regex.Pattern$StartS::match (138 bytes)
Event: 823.331 Thread 0x00000176eee10b10 nmethod 27053 0x000001768348a290 code [0x000001768348a4e0, 0x000001768348af60]
Event: 823.331 Thread 0x00000176eee10b10 27054       3       java.util.regex.Pattern$Behind::match (137 bytes)
Event: 823.332 Thread 0x00000176eee10b10 nmethod 27054 0x000001768348b210 code [0x000001768348b400, 0x000001768348b9d0]
Event: 823.335 Thread 0x00000176eee10b10 27055       3       sun.net.www.protocol.jar.URLJarFile::getJarFile (46 bytes)
Event: 823.336 Thread 0x00000176eee10b10 nmethod 27055 0x000001768348bb90 code [0x000001768348bda0, 0x000001768348c190]
Event: 823.336 Thread 0x00000176eee10b10 27056       3       java.util.jar.JarFile::baseVersion (4 bytes)
Event: 823.337 Thread 0x00000176eee10b10 nmethod 27056 0x0000017681a7e110 code [0x0000017681a7e2a0, 0x0000017681a7e398]
Event: 823.397 Thread 0x00000176eee10b10 27057   !   3       java.net.URLClassLoader::getPermissions (293 bytes)
Event: 823.403 Thread 0x00000176eee10b10 nmethod 27057 0x000001768348c310 code [0x000001768348c840, 0x000001768348ed58]
Event: 823.403 Thread 0x00000176eee10b10 27058       3       sun.net.www.protocol.file.FileURLConnection::getPermission (106 bytes)
Event: 823.404 Thread 0x00000176eee10b10 nmethod 27058 0x000001768348fc10 code [0x000001768348ff20, 0x0000017683490fe8]
Event: 823.404 Thread 0x00000176eee10b10 27059       3       java.io.FilePermission::newPermissionCollection (8 bytes)
Event: 823.405 Thread 0x00000176eee10b10 nmethod 27059 0x0000017683491690 code [0x0000017683491860, 0x0000017683491cd0]
Event: 823.587 Thread 0x00000176eee10b10 27061       3       org.gradle.api.internal.plugins.DefaultPluginRegistry$1::load (9 bytes)
Event: 823.587 Thread 0x00000176eee10b10 nmethod 27061 0x0000017683491e90 code [0x0000017683492040, 0x0000017683492288]
Event: 823.588 Thread 0x00000176eee10b10 27062   !   3       org.gradle.api.internal.plugins.DefaultPluginRegistry$1::load (163 bytes)
Event: 823.593 Thread 0x00000176eee10b10 nmethod 27062 0x0000017683492390 code [0x00000176834928a0, 0x00000176834953c8]
Event: 823.662 Thread 0x00000176eee10b10 27063   !   3       org.gradle.api.internal.DefaultNamedDomainObjectCollection::applyRules (109 bytes)
Event: 823.663 Thread 0x00000176eee10b10 nmethod 27063 0x0000017683496290 code [0x0000017683496500, 0x0000017683496fe8]

GC Heap History (20 events):
Event: 799.540 GC heap after
{Heap after GC invocations=117 (full 0):
 garbage-first heap   total 905216K, used 225374K [0x0000000600000000, 0x0000000800000000)
  region size 4096K, 2 young (8192K), 2 survivors (8192K)
 Metaspace       used 169974K, committed 172544K, reserved 1245184K
  class space    used 22061K, committed 23296K, reserved 1048576K
}
Event: 799.935 GC heap before
{Heap before GC invocations=117 (full 0):
 garbage-first heap   total 905216K, used 258142K [0x0000000600000000, 0x0000000800000000)
  region size 4096K, 11 young (45056K), 2 survivors (8192K)
 Metaspace       used 170008K, committed 172544K, reserved 1245184K
  class space    used 22061K, committed 23296K, reserved 1048576K
}
Event: 800.029 GC heap after
{Heap after GC invocations=118 (full 0):
 garbage-first heap   total 905216K, used 238812K [0x0000000600000000, 0x0000000800000000)
  region size 4096K, 2 young (8192K), 2 survivors (8192K)
 Metaspace       used 170008K, committed 172544K, reserved 1245184K
  class space    used 22061K, committed 23296K, reserved 1048576K
}
Event: 800.725 GC heap before
{Heap before GC invocations=119 (full 0):
 garbage-first heap   total 778240K, used 263388K [0x0000000600000000, 0x0000000800000000)
  region size 4096K, 10 young (40960K), 2 survivors (8192K)
 Metaspace       used 170085K, committed 172608K, reserved 1245184K
  class space    used 22061K, committed 23296K, reserved 1048576K
}
Event: 800.774 GC heap after
{Heap after GC invocations=120 (full 0):
 garbage-first heap   total 778240K, used 242614K [0x0000000600000000, 0x0000000800000000)
  region size 4096K, 2 young (8192K), 2 survivors (8192K)
 Metaspace       used 170085K, committed 172608K, reserved 1245184K
  class space    used 22061K, committed 23296K, reserved 1048576K
}
Event: 803.238 GC heap before
{Heap before GC invocations=120 (full 0):
 garbage-first heap   total 778240K, used 312246K [0x0000000600000000, 0x0000000800000000)
  region size 4096K, 19 young (77824K), 2 survivors (8192K)
 Metaspace       used 170267K, committed 172864K, reserved 1245184K
  class space    used 22076K, committed 23360K, reserved 1048576K
}
Event: 803.519 GC heap after
{Heap after GC invocations=121 (full 0):
 garbage-first heap   total 778240K, used 263479K [0x0000000600000000, 0x0000000800000000)
  region size 4096K, 3 young (12288K), 3 survivors (12288K)
 Metaspace       used 170267K, committed 172864K, reserved 1245184K
  class space    used 22076K, committed 23360K, reserved 1048576K
}
Event: 803.616 GC heap before
{Heap before GC invocations=121 (full 0):
 garbage-first heap   total 778240K, used 288055K [0x0000000600000000, 0x0000000800000000)
  region size 4096K, 9 young (36864K), 3 survivors (12288K)
 Metaspace       used 170269K, committed 172864K, reserved 1245184K
  class space    used 22076K, committed 23360K, reserved 1048576K
}
Event: 803.694 GC heap after
{Heap after GC invocations=122 (full 0):
 garbage-first heap   total 1556480K, used 267962K [0x0000000600000000, 0x0000000800000000)
  region size 4096K, 2 young (8192K), 2 survivors (8192K)
 Metaspace       used 170269K, committed 172864K, reserved 1245184K
  class space    used 22076K, committed 23360K, reserved 1048576K
}
Event: 805.026 GC heap before
{Heap before GC invocations=122 (full 0):
 garbage-first heap   total 1556480K, used 337594K [0x0000000600000000, 0x0000000800000000)
  region size 4096K, 19 young (77824K), 2 survivors (8192K)
 Metaspace       used 170369K, committed 172928K, reserved 1245184K
  class space    used 22077K, committed 23360K, reserved 1048576K
}
Event: 805.129 GC heap after
{Heap after GC invocations=123 (full 0):
 garbage-first heap   total 1556480K, used 284279K [0x0000000600000000, 0x0000000800000000)
  region size 4096K, 3 young (12288K), 3 survivors (12288K)
 Metaspace       used 170369K, committed 172928K, reserved 1245184K
  class space    used 22077K, committed 23360K, reserved 1048576K
}
Event: 812.910 GC heap before
{Heap before GC invocations=123 (full 0):
 garbage-first heap   total 1556480K, used 349815K [0x0000000600000000, 0x0000000800000000)
  region size 4096K, 19 young (77824K), 3 survivors (12288K)
 Metaspace       used 173701K, committed 176320K, reserved 1245184K
  class space    used 22422K, committed 23680K, reserved 1048576K
}
Event: 812.958 GC heap after
{Heap after GC invocations=124 (full 0):
 garbage-first heap   total 1556480K, used 293025K [0x0000000600000000, 0x0000000800000000)
  region size 4096K, 3 young (12288K), 3 survivors (12288K)
 Metaspace       used 173701K, committed 176320K, reserved 1245184K
  class space    used 22422K, committed 23680K, reserved 1048576K
}
Event: 816.922 GC heap before
{Heap before GC invocations=124 (full 0):
 garbage-first heap   total 1556480K, used 370849K [0x0000000600000000, 0x0000000800000000)
  region size 4096K, 22 young (90112K), 3 survivors (12288K)
 Metaspace       used 178620K, committed 181248K, reserved 1245184K
  class space    used 23053K, committed 24320K, reserved 1048576K
}
Event: 817.017 GC heap after
{Heap after GC invocations=125 (full 0):
 garbage-first heap   total 1556480K, used 295054K [0x0000000600000000, 0x0000000800000000)
  region size 4096K, 2 young (8192K), 2 survivors (8192K)
 Metaspace       used 178620K, committed 181248K, reserved 1245184K
  class space    used 23053K, committed 24320K, reserved 1048576K
}
Event: 818.653 GC heap before
{Heap before GC invocations=125 (full 0):
 garbage-first heap   total 1556480K, used 397454K [0x0000000600000000, 0x0000000800000000)
  region size 4096K, 27 young (110592K), 2 survivors (8192K)
 Metaspace       used 180318K, committed 182912K, reserved 1245184K
  class space    used 23261K, committed 24512K, reserved 1048576K
}
Event: 818.759 GC heap after
{Heap after GC invocations=126 (full 0):
 garbage-first heap   total 1556480K, used 324119K [0x0000000600000000, 0x0000000800000000)
  region size 4096K, 4 young (16384K), 4 survivors (16384K)
 Metaspace       used 180318K, committed 182912K, reserved 1245184K
  class space    used 23261K, committed 24512K, reserved 1048576K
}
Event: 819.565 GC heap before
{Heap before GC invocations=126 (full 0):
 garbage-first heap   total 1556480K, used 385559K [0x0000000600000000, 0x0000000800000000)
  region size 4096K, 19 young (77824K), 4 survivors (16384K)
 Metaspace       used 180366K, committed 182976K, reserved 1245184K
  class space    used 23261K, committed 24512K, reserved 1048576K
}
Event: 819.657 GC heap after
{Heap after GC invocations=127 (full 0):
 garbage-first heap   total 1556480K, used 348160K [0x0000000600000000, 0x0000000800000000)
  region size 4096K, 3 young (12288K), 3 survivors (12288K)
 Metaspace       used 180366K, committed 182976K, reserved 1245184K
  class space    used 23261K, committed 24512K, reserved 1048576K
}
Event: 823.663 GC heap before
{Heap before GC invocations=127 (full 0):
 garbage-first heap   total 1556480K, used 409600K [0x0000000600000000, 0x0000000800000000)
  region size 4096K, 19 young (77824K), 3 survivors (12288K)
 Metaspace       used 181366K, committed 184064K, reserved 1245184K
  class space    used 23346K, committed 24640K, reserved 1048576K
}

Dll operation events (15 events):
Event: 0.067 Loaded shared library C:\Users\HP\.vscode\extensions\redhat.java-1.55.0-win32-x64\jre\21.0.11-win32-x86_64\bin\java.dll
Event: 0.317 Loaded shared library C:\Users\HP\.vscode\extensions\redhat.java-1.55.0-win32-x64\jre\21.0.11-win32-x86_64\bin\zip.dll
Event: 0.405 Loaded shared library C:\Users\HP\.vscode\extensions\redhat.java-1.55.0-win32-x64\jre\21.0.11-win32-x86_64\bin\instrument.dll
Event: 0.421 Loaded shared library C:\Users\HP\.vscode\extensions\redhat.java-1.55.0-win32-x64\jre\21.0.11-win32-x86_64\bin\net.dll
Event: 0.430 Loaded shared library C:\Users\HP\.vscode\extensions\redhat.java-1.55.0-win32-x64\jre\21.0.11-win32-x86_64\bin\nio.dll
Event: 0.438 Loaded shared library C:\Users\HP\.vscode\extensions\redhat.java-1.55.0-win32-x64\jre\21.0.11-win32-x86_64\bin\zip.dll
Event: 1.465 Loaded shared library C:\Users\HP\.vscode\extensions\redhat.java-1.55.0-win32-x64\jre\21.0.11-win32-x86_64\bin\jimage.dll
Event: 2.218 Loaded shared library C:\Users\HP\.vscode\extensions\redhat.java-1.55.0-win32-x64\jre\21.0.11-win32-x86_64\bin\verify.dll
Event: 2.383 Loaded shared library C:\Users\HP\.gradle\native\660c5614fbf4a5f2a75b1949f50a0caf5cd603558e7d8a26e50b933a0cfb79d1\windows-amd64\native-platform.dll
Event: 3.695 Loaded shared library C:\Users\HP\.gradle\native\0.2.8\x86_64-windows-gnu\gradle-fileevents.dll
Event: 7.002 Loaded shared library C:\Users\HP\.vscode\extensions\redhat.java-1.55.0-win32-x64\jre\21.0.11-win32-x86_64\bin\management.dll
Event: 7.009 Loaded shared library C:\Users\HP\.vscode\extensions\redhat.java-1.55.0-win32-x64\jre\21.0.11-win32-x86_64\bin\management_ext.dll
Event: 7.466 Loaded shared library C:\Users\HP\.vscode\extensions\redhat.java-1.55.0-win32-x64\jre\21.0.11-win32-x86_64\bin\extnet.dll
Event: 8.381 Loaded shared library C:\Users\HP\.vscode\extensions\redhat.java-1.55.0-win32-x64\jre\21.0.11-win32-x86_64\bin\sunmscapi.dll
Event: 728.908 Loaded shared library C:\Users\HP\.vscode\extensions\redhat.java-1.55.0-win32-x64\jre\21.0.11-win32-x86_64\bin\rmi.dll

Deoptimization events (20 events):
Event: 822.949 Thread 0x000001773b70fbc0 Uncommon trap: trap_request=0xffffffc6 fr.pc=0x0000017690b2be1c relative=0x0000000000003e1c
Event: 822.949 Thread 0x000001773b70fbc0 Uncommon trap: reason=bimorphic_or_optimized_type_check action=maybe_recompile pc=0x0000017690b2be1c method=org.gradle.internal.vfs.impl.VersionHierarchy.getVersion(Lorg/gradle/internal/snapshot/VfsRelativePath;Lorg/gradle/internal/snapshot/CaseSensitivit
Event: 822.949 Thread 0x000001773b70fbc0 DEOPT PACKING pc=0x0000017690b2be1c sp=0x0000003cb18f2230
Event: 822.949 Thread 0x000001773b70fbc0 DEOPT UNPACKING pc=0x000001768fd84422 sp=0x0000003cb18f1fc8 mode 2
Event: 822.981 Thread 0x000001773b70fbc0 Uncommon trap: trap_request=0xffffffde fr.pc=0x0000017690357070 relative=0x0000000000000210
Event: 822.981 Thread 0x000001773b70fbc0 Uncommon trap: reason=class_check action=maybe_recompile pc=0x0000017690357070 method=jdk.internal.loader.URLClassPath.getResource(Ljava/lang/String;Z)Ljdk/internal/loader/Resource; @ 53 c2
Event: 822.981 Thread 0x000001773b70fbc0 DEOPT PACKING pc=0x0000017690357070 sp=0x0000003cb18f47b0
Event: 822.981 Thread 0x000001773b70fbc0 DEOPT UNPACKING pc=0x000001768fd84422 sp=0x0000003cb18f4740 mode 2
Event: 823.018 Thread 0x000001773b70fbc0 Uncommon trap: trap_request=0xfffffff4 fr.pc=0x0000017691056a88 relative=0x0000000000000bc8
Event: 823.018 Thread 0x000001773b70fbc0 Uncommon trap: reason=null_check action=make_not_entrant pc=0x0000017691056a88 method=org.gradle.internal.instantiation.generator.AbstractClassGenerator.isAttachableType(Ljava/lang/Class;Ljava/util/function/Predicate;)Z @ 4 c2
Event: 823.018 Thread 0x000001773b70fbc0 DEOPT PACKING pc=0x0000017691056a88 sp=0x0000003cb18f4e00
Event: 823.018 Thread 0x000001773b70fbc0 DEOPT UNPACKING pc=0x000001768fd84422 sp=0x0000003cb18f4d68 mode 2
Event: 823.327 Thread 0x000001773b70fbc0 Uncommon trap: trap_request=0xffffffde fr.pc=0x00000176907bb5ac relative=0x00000000000002cc
Event: 823.328 Thread 0x000001773b70fbc0 Uncommon trap: reason=class_check action=maybe_recompile pc=0x00000176907bb5ac method=java.util.regex.Pattern$Caret.match(Ljava/util/regex/Matcher;ILjava/lang/CharSequence;)Z @ 120 c2
Event: 823.328 Thread 0x000001773b70fbc0 DEOPT PACKING pc=0x00000176907bb5ac sp=0x0000003cb18f4470
Event: 823.328 Thread 0x000001773b70fbc0 DEOPT UNPACKING pc=0x000001768fd84422 sp=0x0000003cb18f4400 mode 2
Event: 823.329 Thread 0x000001773b70fbc0 Uncommon trap: trap_request=0xffffff45 fr.pc=0x00000176907bb52c relative=0x000000000000024c
Event: 823.329 Thread 0x000001773b70fbc0 Uncommon trap: reason=unstable_if action=reinterpret pc=0x00000176907bb52c method=java.util.regex.Pattern$Caret.match(Ljava/util/regex/Matcher;ILjava/lang/CharSequence;)Z @ 69 c2
Event: 823.329 Thread 0x000001773b70fbc0 DEOPT PACKING pc=0x00000176907bb52c sp=0x0000003cb18f4470
Event: 823.329 Thread 0x000001773b70fbc0 DEOPT UNPACKING pc=0x000001768fd84422 sp=0x0000003cb18f4410 mode 2

Classes loaded (20 events):
Event: 814.750 Loading class sun/security/util/JarConstraintsParameters
Event: 814.751 Loading class sun/security/util/JarConstraintsParameters done
Event: 814.762 Loading class java/util/Base64
Event: 814.763 Loading class java/util/Base64 done
Event: 814.763 Loading class java/util/Base64$Decoder
Event: 814.764 Loading class java/util/Base64$Decoder done
Event: 814.764 Loading class java/util/Base64$Encoder
Event: 814.764 Loading class java/util/Base64$Encoder done
Event: 814.766 Loading class java/util/jar/JarVerifier$VerifierStream
Event: 814.768 Loading class java/util/jar/JarVerifier$VerifierStream done
Event: 814.769 Loading class sun/security/util/ManifestEntryVerifier$SunProviderHolder
Event: 814.769 Loading class sun/security/util/ManifestEntryVerifier$SunProviderHolder done
Event: 815.048 Loading class java/security/KeyStore$ProtectionParameter
Event: 815.049 Loading class java/security/KeyStore$ProtectionParameter done
Event: 815.866 Loading class java/lang/foreign/ValueLayout
Event: 815.868 Loading class java/lang/foreign/MemoryLayout
Event: 815.871 Loading class java/lang/foreign/MemoryLayout done
Event: 815.872 Loading class java/lang/foreign/ValueLayout done
Event: 817.721 Loading class java/util/regex/Pattern$Behind
Event: 817.722 Loading class java/util/regex/Pattern$Behind done

Classes unloaded (5 events):
Event: 33.968 Thread 0x00000176eedd2df0 Unloading class 0x00000176f18384f8 '_BuildScript_$_run_closure1'
Event: 33.969 Thread 0x00000176eedd2df0 Unloading class 0x00000176f1838000 '_BuildScript_'
Event: 33.969 Thread 0x00000176eedd2df0 Unloading class 0x00000176f16ac3f0 '_BuildScript_$_run_closure1$_closure2'
Event: 33.969 Thread 0x00000176eedd2df0 Unloading class 0x00000176f16ac000 '_BuildScript_$_run_closure1'
Event: 33.969 Thread 0x00000176eedd2df0 Unloading class 0x00000176f16a4000 '_BuildScript_'

Classes redefined (0 events):
No events

Internal exceptions (20 events):
Event: 807.946 Thread 0x000001773b70fbc0 Exception <a 'sun/nio/fs/WindowsException'{0x000000065d5ba560}> (0x000000065d5ba560) 
thrown [s\src\hotspot\share\prims\jni.cpp, line 520]
Event: 807.956 Thread 0x000001773b70fbc0 Exception <a 'sun/nio/fs/WindowsException'{0x000000065d5c4a80}> (0x000000065d5c4a80) 
thrown [s\src\hotspot\share\prims\jni.cpp, line 520]
Event: 814.466 Thread 0x000001773b70fbc0 Implicit null exception at 0x0000017690c0ec5d to 0x0000017690c0eea0
Event: 817.828 Thread 0x000001773b70fbc0 Exception <a 'java/lang/ClassNotFoundException'{0x000000065daa2db8}: org/gradle/plugin/software/internal/ProjectFeaturesDynamicObject_DecoratedBeanInfo> (0x000000065daa2db8) 
thrown [s\src\hotspot\share\classfile\systemDictionary.cpp, line 313]
Event: 817.832 Thread 0x000001773b70fbc0 Exception <a 'java/lang/ClassNotFoundException'{0x000000065dabd4f8}: org/gradle/plugin/software/internal/ProjectFeaturesDynamicObjectBeanInfo> (0x000000065dabd4f8) 
thrown [s\src\hotspot\share\classfile\systemDictionary.cpp, line 313]
Event: 817.835 Thread 0x000001773b70fbc0 Exception <a 'java/lang/ClassNotFoundException'{0x000000065dad7580}: org/gradle/internal/metaobject/AbstractDynamicObjectBeanInfo> (0x000000065dad7580) 
thrown [s\src\hotspot\share\classfile\systemDictionary.cpp, line 313]
Event: 817.838 Thread 0x000001773b70fbc0 Exception <a 'java/lang/ClassNotFoundException'{0x000000065daf1658}: org/gradle/internal/metaobject/AbstractDynamicObjectCustomizer> (0x000000065daf1658) 
thrown [s\src\hotspot\share\classfile\systemDictionary.cpp, line 313]
Event: 817.881 Thread 0x000001773b70fbc0 Exception <a 'java/lang/ClassNotFoundException'{0x000000065db18b00}: org/gradle/plugin/software/internal/ProjectFeaturesDynamicObjectCustomizer> (0x000000065db18b00) 
thrown [s\src\hotspot\share\classfile\systemDictionary.cpp, line 313]
Event: 817.887 Thread 0x000001773b70fbc0 Exception <a 'java/lang/ClassNotFoundException'{0x000000065db3ac60}: org/gradle/plugin/software/internal/ProjectFeaturesDynamicObject_DecoratedCustomizer> (0x000000065db3ac60) 
thrown [s\src\hotspot\share\classfile\systemDictionary.cpp, line 313]
Event: 818.064 Thread 0x000001773b70fbc0 Exception <a 'sun/nio/fs/WindowsException'{0x000000065dbdca58}> (0x000000065dbdca58) 
thrown [s\src\hotspot\share\prims\jni.cpp, line 520]
Event: 818.139 Thread 0x000001773b70fbc0 Exception <a 'sun/nio/fs/WindowsException'{0x000000065d415440}> (0x000000065d415440) 
thrown [s\src\hotspot\share\prims\jni.cpp, line 520]
Event: 818.139 Thread 0x000001773b70fbc0 Exception <a 'sun/nio/fs/WindowsException'{0x000000065d417df0}> (0x000000065d417df0) 
thrown [s\src\hotspot\share\prims\jni.cpp, line 520]
Event: 822.725 Thread 0x000001773b70fbc0 Exception <a 'sun/nio/fs/WindowsException'{0x000000065bf786b0}> (0x000000065bf786b0) 
thrown [s\src\hotspot\share\prims\jni.cpp, line 520]
Event: 822.727 Thread 0x000001773b70fbc0 Exception <a 'sun/nio/fs/WindowsException'{0x000000065bf7ad90}> (0x000000065bf7ad90) 
thrown [s\src\hotspot\share\prims\jni.cpp, line 520]
Event: 822.769 Thread 0x000001773b70fbc0 Exception <a 'sun/nio/fs/WindowsException'{0x000000065bf83ff0}> (0x000000065bf83ff0) 
thrown [s\src\hotspot\share\prims\jni.cpp, line 520]
Event: 822.777 Thread 0x000001773b70fbc0 Exception <a 'sun/nio/fs/WindowsException'{0x000000065bf9d938}> (0x000000065bf9d938) 
thrown [s\src\hotspot\share\prims\jni.cpp, line 520]
Event: 822.803 Thread 0x000001773b70fbc0 Exception <a 'sun/nio/fs/WindowsException'{0x000000065bfa7328}> (0x000000065bfa7328) 
thrown [s\src\hotspot\share\prims\jni.cpp, line 520]
Event: 822.828 Thread 0x000001773b70fbc0 Exception <a 'sun/nio/fs/WindowsException'{0x000000065bfae2d8}> (0x000000065bfae2d8) 
thrown [s\src\hotspot\share\prims\jni.cpp, line 520]
Event: 822.949 Thread 0x000001773b70fbc0 Exception <a 'sun/nio/fs/WindowsException'{0x000000065bfbb738}> (0x000000065bfbb738) 
thrown [s\src\hotspot\share\prims\jni.cpp, line 520]
Event: 823.018 Thread 0x000001773b70fbc0 Implicit null exception at 0x00000176910561aa to 0x0000017691056a78

ZGC Phase Switch (0 events):
No events

VM Operations (20 events):
Event: 814.724 Executing safepoint VM operation: Cleanup done
Event: 816.724 Executing safepoint VM operation: Cleanup
Event: 816.737 Executing safepoint VM operation: Cleanup done
Event: 816.922 Executing safepoint VM operation: G1CollectForAllocation (G1 Evacuation Pause)
Event: 817.017 Executing safepoint VM operation: G1CollectForAllocation (G1 Evacuation Pause) done
Event: 818.018 Executing safepoint VM operation: Cleanup
Event: 818.018 Executing safepoint VM operation: Cleanup done
Event: 818.653 Executing safepoint VM operation: G1CollectForAllocation (G1 Evacuation Pause)
Event: 818.759 Executing safepoint VM operation: G1CollectForAllocation (G1 Evacuation Pause) done
Event: 819.565 Executing safepoint VM operation: G1CollectForAllocation (G1 Evacuation Pause)
Event: 819.657 Executing safepoint VM operation: G1CollectForAllocation (G1 Evacuation Pause) done
Event: 820.657 Executing safepoint VM operation: Cleanup
Event: 820.660 Executing safepoint VM operation: Cleanup done
Event: 822.362 Executing safepoint VM operation: ICBufferFull
Event: 822.363 Executing safepoint VM operation: ICBufferFull done
Event: 822.642 Executing safepoint VM operation: ICBufferFull
Event: 822.642 Executing safepoint VM operation: ICBufferFull done
Event: 823.643 Executing safepoint VM operation: Cleanup
Event: 823.643 Executing safepoint VM operation: Cleanup done
Event: 823.663 Executing safepoint VM operation: G1CollectForAllocation (G1 Evacuation Pause)

Memory protections (0 events):
No events

Nmethod flushes (20 events):
Event: 800.421 Thread 0x00000176eedd2df0 flushing  nmethod 0x0000017680552d10
Event: 800.421 Thread 0x00000176eedd2df0 flushing  nmethod 0x00000176806d9890
Event: 800.421 Thread 0x00000176eedd2df0 flushing  nmethod 0x00000176806dc110
Event: 800.421 Thread 0x00000176eedd2df0 flushing  nmethod 0x0000017680a09510
Event: 800.421 Thread 0x00000176eedd2df0 flushing  nmethod 0x0000017681c66e90
Event: 800.421 Thread 0x00000176eedd2df0 flushing  nmethod 0x0000017681c6d890
Event: 800.421 Thread 0x00000176eedd2df0 flushing  nmethod 0x0000017681c6e910
Event: 800.421 Thread 0x00000176eedd2df0 flushing  nmethod 0x0000017681c70f90
Event: 800.421 Thread 0x00000176eedd2df0 flushing  nmethod 0x0000017681c89990
Event: 800.421 Thread 0x00000176eedd2df0 flushing  nmethod 0x0000017681dc3710
Event: 800.421 Thread 0x00000176eedd2df0 flushing  nmethod 0x0000017681f9d490
Event: 800.421 Thread 0x00000176eedd2df0 flushing  nmethod 0x0000017681fa1210
Event: 800.421 Thread 0x00000176eedd2df0 flushing  nmethod 0x000001768206a810
Event: 800.421 Thread 0x00000176eedd2df0 flushing  nmethod 0x00000176820c4410
Event: 800.421 Thread 0x00000176eedd2df0 flushing  nmethod 0x00000176820f0a10
Event: 800.421 Thread 0x00000176eedd2df0 flushing  nmethod 0x00000176821a9710
Event: 800.421 Thread 0x00000176eedd2df0 flushing  nmethod 0x000001768226c990
Event: 800.422 Thread 0x00000176eedd2df0 flushing  nmethod 0x0000017682275e10
Event: 800.422 Thread 0x00000176eedd2df0 flushing  nmethod 0x0000017682277810
Event: 800.422 Thread 0x00000176eedd2df0 flushing  nmethod 0x00000176827ee390

Events (20 events):
Event: 772.060 Thread 0x000001773b70fbc0 Thread added: 0x0000017750bfff40
Event: 772.061 Thread 0x000001773b70fbc0 Thread added: 0x0000017750bfcac0
Event: 772.063 Thread 0x000001773b70fbc0 Thread added: 0x0000017750c005d0
Event: 772.064 Thread 0x000001773b70fbc0 Thread added: 0x0000017750c012f0
Event: 773.796 Thread 0x000001773b70fbc0 Thread added: 0x0000017750c01980
Event: 773.797 Thread 0x000001773b70fbc0 Thread added: 0x0000017750c00c60
Event: 773.798 Thread 0x000001773b70fbc0 Thread added: 0x0000017750c02010
Event: 773.799 Thread 0x000001773b70fbc0 Thread added: 0x0000017750c026a0
Event: 773.800 Thread 0x000001773b70fbc0 Thread added: 0x000001773af2d970
Event: 773.801 Thread 0x000001773b70fbc0 Thread added: 0x00000177526879e0
Event: 773.805 Thread 0x000001773b70fbc0 Thread added: 0x0000017752688070
Event: 783.134 Thread 0x0000017750b3e320 Thread exited: 0x0000017750b3e320
Event: 815.776 Thread 0x00000176eee10b10 Thread added: 0x00000177441fd060
Event: 816.173 Thread 0x00000177441fd060 Thread exited: 0x00000177441fd060
Event: 816.870 Thread 0x00000176eee10b10 Thread added: 0x00000177441fb520
Event: 817.019 Thread 0x00000177441fb520 Thread exited: 0x00000177441fb520
Event: 821.415 Thread 0x00000176eee10b10 Thread added: 0x00000177441f99e0
Event: 821.681 Thread 0x00000177441f99e0 Thread exited: 0x00000177441f99e0
Event: 821.796 Thread 0x00000176eee10b10 Thread added: 0x00000177441fd060
Event: 823.178 Thread 0x00000177441fd060 Thread exited: 0x00000177441fd060


Dynamic libraries:
0x00007ff624fc0000 - 0x00007ff624fce000 	C:\Users\HP\.vscode\extensions\redhat.java-1.55.0-win32-x64\jre\21.0.11-win32-x86_64\bin\java.exe
0x00007ff8345c0000 - 0x00007ff834826000 	C:\WINDOWS\SYSTEM32\ntdll.dll
0x00007ff8338b0000 - 0x00007ff833979000 	C:\WINDOWS\System32\KERNEL32.DLL
0x00007ff8319b0000 - 0x00007ff831daf000 	C:\WINDOWS\System32\KERNELBASE.dll
0x00007ff832190000 - 0x00007ff8322dc000 	C:\WINDOWS\System32\ucrtbase.dll
0x00007ff813910000 - 0x00007ff813928000 	C:\Users\HP\.vscode\extensions\redhat.java-1.55.0-win32-x64\jre\21.0.11-win32-x86_64\bin\jli.dll
0x00007ff834280000 - 0x00007ff834446000 	C:\WINDOWS\System32\USER32.dll
0x00007ff818230000 - 0x00007ff8184c1000 	C:\WINDOWS\WinSxS\amd64_microsoft.windows.common-controls_6595b64144ccf1df_6.0.26100.8972_none_3e0da176e32f9d4b\COMCTL32.dll
0x00007ff831dc0000 - 0x00007ff831de7000 	C:\WINDOWS\System32\win32u.dll
0x00007ff81d620000 - 0x00007ff81d63e000 	C:\Users\HP\.vscode\extensions\redhat.java-1.55.0-win32-x64\jre\21.0.11-win32-x86_64\bin\VCRUNTIME140.dll
0x00007ff833c30000 - 0x00007ff833cd9000 	C:\WINDOWS\System32\msvcrt.dll
0x00007ff834250000 - 0x00007ff83427b000 	C:\WINDOWS\System32\GDI32.dll
0x00007ff831880000 - 0x00007ff8319a9000 	C:\WINDOWS\System32\gdi32full.dll
0x00007ff8317d0000 - 0x00007ff831873000 	C:\WINDOWS\System32\msvcp_win.dll
0x00007ff8339a0000 - 0x00007ff8339d2000 	C:\WINDOWS\System32\IMM32.DLL
0x00007ff82bae0000 - 0x00007ff82baec000 	C:\Users\HP\.vscode\extensions\redhat.java-1.55.0-win32-x64\jre\21.0.11-win32-x86_64\bin\vcruntime140_1.dll
0x00007fffc11f0000 - 0x00007fffc127d000 	C:\Users\HP\.vscode\extensions\redhat.java-1.55.0-win32-x64\jre\21.0.11-win32-x86_64\bin\msvcp140.dll
0x00007fff73530000 - 0x00007fff742d2000 	C:\Users\HP\.vscode\extensions\redhat.java-1.55.0-win32-x64\jre\21.0.11-win32-x86_64\bin\server\jvm.dll
0x00007ff8339e0000 - 0x00007ff833a9c000 	C:\WINDOWS\System32\ADVAPI32.dll
0x00007ff833180000 - 0x00007ff83322a000 	C:\WINDOWS\System32\sechost.dll
0x00007ff834450000 - 0x00007ff834568000 	C:\WINDOWS\System32\RPCRT4.dll
0x00007ff833ce0000 - 0x00007ff833d62000 	C:\WINDOWS\System32\WS2_32.dll
0x00007ff831650000 - 0x00007ff8316ae000 	C:\WINDOWS\SYSTEM32\POWRPROF.dll
0x00007ff829590000 - 0x00007ff8295c6000 	C:\WINDOWS\SYSTEM32\WINMM.dll
0x00007ff829580000 - 0x00007ff82958b000 	C:\WINDOWS\SYSTEM32\VERSION.dll
0x00007ff831630000 - 0x00007ff831645000 	C:\WINDOWS\SYSTEM32\UMPDC.dll
0x00007ff8304c0000 - 0x00007ff8304db000 	C:\WINDOWS\SYSTEM32\kernel.appcore.dll
0x00007ff82b270000 - 0x00007ff82b27a000 	C:\Users\HP\.vscode\extensions\redhat.java-1.55.0-win32-x64\jre\21.0.11-win32-x86_64\bin\jimage.dll
0x00007ff8184d0000 - 0x00007ff818712000 	C:\WINDOWS\SYSTEM32\DBGHELP.DLL
0x00007ff833230000 - 0x00007ff8335b5000 	C:\WINDOWS\System32\combase.dll
0x00007ff8335f0000 - 0x00007ff8336c9000 	C:\WINDOWS\System32\OLEAUT32.dll
0x00007ff81cbc0000 - 0x00007ff81cbfb000 	C:\WINDOWS\SYSTEM32\dbgcore.DLL
0x00007ff8320d0000 - 0x00007ff83217c000 	C:\WINDOWS\System32\bcryptPrimitives.dll
0x00007ff8227b0000 - 0x00007ff8227bf000 	C:\Users\HP\.vscode\extensions\redhat.java-1.55.0-win32-x64\jre\21.0.11-win32-x86_64\bin\instrument.dll
0x00007ff8036a0000 - 0x00007ff8036c0000 	C:\Users\HP\.vscode\extensions\redhat.java-1.55.0-win32-x64\jre\21.0.11-win32-x86_64\bin\java.dll
0x00007ff8329e0000 - 0x00007ff833168000 	C:\WINDOWS\System32\SHELL32.dll
0x00007ff82f2c0000 - 0x00007ff82fb5b000 	C:\WINDOWS\SYSTEM32\windows.storage.dll
0x00007ff832340000 - 0x00007ff832439000 	C:\WINDOWS\System32\SHCORE.dll
0x00007ff833e30000 - 0x00007ff833e96000 	C:\WINDOWS\System32\shlwapi.dll
0x00007ff8316f0000 - 0x00007ff831719000 	C:\WINDOWS\SYSTEM32\profapi.dll
0x00007ffffa570000 - 0x00007ffffa588000 	C:\Users\HP\.vscode\extensions\redhat.java-1.55.0-win32-x64\jre\21.0.11-win32-x86_64\bin\zip.dll
0x00007ff81ed50000 - 0x00007ff81ed60000 	C:\Users\HP\.vscode\extensions\redhat.java-1.55.0-win32-x64\jre\21.0.11-win32-x86_64\bin\net.dll
0x00007ff82abf0000 - 0x00007ff82ad18000 	C:\WINDOWS\SYSTEM32\WINHTTP.dll
0x00007ff830a70000 - 0x00007ff830adc000 	C:\WINDOWS\system32\mswsock.dll
0x00007ffffa360000 - 0x00007ffffa376000 	C:\Users\HP\.vscode\extensions\redhat.java-1.55.0-win32-x64\jre\21.0.11-win32-x86_64\bin\nio.dll
0x00007ff81e280000 - 0x00007ff81e290000 	C:\Users\HP\.vscode\extensions\redhat.java-1.55.0-win32-x64\jre\21.0.11-win32-x86_64\bin\verify.dll
0x00007ffff7f20000 - 0x00007ffff7f47000 	C:\Users\HP\.gradle\native\660c5614fbf4a5f2a75b1949f50a0caf5cd603558e7d8a26e50b933a0cfb79d1\windows-amd64\native-platform.dll
0x00007fffc1830000 - 0x00007fffc18a7000 	C:\Users\HP\.gradle\native\0.2.8\x86_64-windows-gnu\gradle-fileevents.dll
0x00007ff811fe0000 - 0x00007ff811fea000 	C:\Users\HP\.vscode\extensions\redhat.java-1.55.0-win32-x64\jre\21.0.11-win32-x86_64\bin\management.dll
0x00007ff811190000 - 0x00007ff81119c000 	C:\Users\HP\.vscode\extensions\redhat.java-1.55.0-win32-x64\jre\21.0.11-win32-x86_64\bin\management_ext.dll
0x00007ff833ea0000 - 0x00007ff833ea8000 	C:\WINDOWS\System32\PSAPI.DLL
0x00007ff82fe90000 - 0x00007ff82fec3000 	C:\WINDOWS\SYSTEM32\IPHLPAPI.DLL
0x00007ff834570000 - 0x00007ff83457a000 	C:\WINDOWS\System32\NSI.dll
0x00007ff81b1e0000 - 0x00007ff81b1e9000 	C:\Users\HP\.vscode\extensions\redhat.java-1.55.0-win32-x64\jre\21.0.11-win32-x86_64\bin\extnet.dll
0x00007ff830d60000 - 0x00007ff830d7b000 	C:\WINDOWS\SYSTEM32\CRYPTSP.dll
0x00007ff830420000 - 0x00007ff830459000 	C:\WINDOWS\system32\rsaenh.dll
0x00007ff830b20000 - 0x00007ff830b52000 	C:\WINDOWS\SYSTEM32\USERENV.dll
0x00007ff8316c0000 - 0x00007ff8316ea000 	C:\WINDOWS\SYSTEM32\bcrypt.dll
0x00007ff830d80000 - 0x00007ff830d8c000 	C:\WINDOWS\SYSTEM32\CRYPTBASE.dll
0x00007ff81b680000 - 0x00007ff81b68e000 	C:\Users\HP\.vscode\extensions\redhat.java-1.55.0-win32-x64\jre\21.0.11-win32-x86_64\bin\sunmscapi.dll
0x00007ff831e80000 - 0x00007ff831ffe000 	C:\WINDOWS\System32\CRYPT32.dll
0x00007ff830fa0000 - 0x00007ff830fd0000 	C:\WINDOWS\SYSTEM32\ncrypt.dll
0x00007ff830f50000 - 0x00007ff830f8f000 	C:\WINDOWS\SYSTEM32\NTASN1.dll
0x00007ff8036c0000 - 0x00007ff8036c8000 	C:\WINDOWS\system32\wshunix.dll
0x00007ff8305f0000 - 0x00007ff830626000 	C:\WINDOWS\SYSTEM32\ntmarta.dll
0x00007ff82fed0000 - 0x00007ff830028000 	C:\WINDOWS\SYSTEM32\DNSAPI.dll
0x00007ff830870000 - 0x00007ff83087d000 	C:\WINDOWS\SYSTEM32\DSPARSE.dll
0x00007ff81ae20000 - 0x00007ff81ae2b000 	C:\Windows\System32\rasadhlp.dll
0x00007ff829790000 - 0x00007ff829816000 	C:\WINDOWS\System32\fwpuclnt.dll
0x00007ff829540000 - 0x00007ff829547000 	C:\Users\HP\.vscode\extensions\redhat.java-1.55.0-win32-x64\jre\21.0.11-win32-x86_64\bin\rmi.dll

JVMTI agents:
C:\Users\HP\.gradle\wrapper\dists\gradle-9.3.1-all\9ot9r568e8zfvvd4mn8rbu1j0\gradle-9.3.1\lib\agents\gradle-instrumentation-agent-9.3.1.jar path:C:\Users\HP\.vscode\extensions\redhat.java-1.55.0-win32-x64\jre\21.0.11-win32-x86_64\bin\instrument.dll, loaded, initialized, instrumentlib options:none

dbghelp: loaded successfully - version: 4.0.5 - missing functions: none
symbol engine: initialized successfully - sym options: 0x614 - pdb path: .;C:\Users\HP\.vscode\extensions\redhat.java-1.55.0-win32-x64\jre\21.0.11-win32-x86_64\bin;C:\WINDOWS\SYSTEM32;C:\WINDOWS\WinSxS\amd64_microsoft.windows.common-controls_6595b64144ccf1df_6.0.26100.8972_none_3e0da176e32f9d4b;C:\Users\HP\.vscode\extensions\redhat.java-1.55.0-win32-x64\jre\21.0.11-win32-x86_64\bin\server;C:\Users\HP\.gradle\native\660c5614fbf4a5f2a75b1949f50a0caf5cd603558e7d8a26e50b933a0cfb79d1\windows-amd64;C:\Users\HP\.gradle\native\0.2.8\x86_64-windows-gnu

VM Arguments:
jvm_args: --add-opens=java.base/java.lang=ALL-UNNAMED --add-opens=java.base/java.lang.invoke=ALL-UNNAMED --add-opens=java.base/java.util=ALL-UNNAMED --add-opens=java.prefs/java.util.prefs=ALL-UNNAMED --add-exports=jdk.compiler/com.sun.tools.javac.api=ALL-UNNAMED --add-exports=jdk.compiler/com.sun.tools.javac.util=ALL-UNNAMED --add-opens=java.base/java.util=ALL-UNNAMED --add-opens=java.prefs/java.util.prefs=ALL-UNNAMED --add-opens=java.base/java.nio.charset=ALL-UNNAMED --add-opens=java.base/java.net=ALL-UNNAMED --add-opens=java.base/java.util.concurrent=ALL-UNNAMED --add-opens=java.base/java.util.concurrent.atomic=ALL-UNNAMED --add-opens=java.xml/javax.xml.namespace=ALL-UNNAMED --add-opens=java.base/java.time=ALL-UNNAMED -XX:MaxMetaspaceSize=4G -XX:ReservedCodeCacheSize=512m -XX:+HeapDumpOnOutOfMemoryError -Xmx8G -Dfile.encoding=UTF-8 -Duser.country=IN -Duser.language=en -Duser.variant -javaagent:C:\Users\HP\.gradle\wrapper\dists\gradle-9.3.1-all\9ot9r568e8zfvvd4mn8rbu1j0\gradle-9.3.1\lib\agents\gradle-instrumentation-agent-9.3.1.jar 
java_command: org.gradle.launcher.daemon.bootstrap.GradleDaemon 9.3.1
java_class_path (initial): C:\Users\HP\.gradle\wrapper\dists\gradle-9.3.1-all\9ot9r568e8zfvvd4mn8rbu1j0\gradle-9.3.1\lib\gradle-daemon-main-9.3.1.jar
Launcher Type: SUN_STANDARD

[Global flags]
     intx CICompilerCount                          = 4                                         {product} {ergonomic}
     uint ConcGCThreads                            = 2                                         {product} {ergonomic}
     uint G1ConcRefinementThreads                  = 8                                         {product} {ergonomic}
   size_t G1HeapRegionSize                         = 4194304                                   {product} {ergonomic}
    uintx GCDrainStackTargetSize                   = 64                                        {product} {ergonomic}
     bool HeapDumpOnOutOfMemoryError               = true                                   {manageable} {command line}
   size_t InitialHeapSize                          = 100663296                                 {product} {ergonomic}
   size_t MarkStackSize                            = 4194304                                   {product} {ergonomic}
   size_t MaxHeapSize                              = 8589934592                                {product} {command line}
   size_t MaxMetaspaceSize                         = 4294967296                                {product} {command line}
   size_t MaxNewSize                               = 5150605312                                {product} {ergonomic}
   size_t MinHeapDeltaBytes                        = 4194304                                   {product} {ergonomic}
   size_t MinHeapSize                              = 8388608                                   {product} {ergonomic}
    uintx NonNMethodCodeHeapSize                   = 5839372                                {pd product} {ergonomic}
    uintx NonProfiledCodeHeapSize                  = 265515770                              {pd product} {ergonomic}
    uintx ProfiledCodeHeapSize                     = 265515770                              {pd product} {ergonomic}
    uintx ReservedCodeCacheSize                    = 536870912                              {pd product} {command line}
     bool SegmentedCodeCache                       = true                                      {product} {ergonomic}
   size_t SoftMaxHeapSize                          = 8589934592                             {manageable} {ergonomic}
     bool UseCompressedOops                        = true                           {product lp64_product} {ergonomic}
     bool UseG1GC                                  = true                                      {product} {ergonomic}
     bool UseLargePagesIndividualAllocation        = false                                  {pd product} {ergonomic}

Logging:
Log output configuration:
 #0: stdout all=warning uptime,level,tags foldmultilines=false
 #1: stderr all=off uptime,level,tags foldmultilines=false

Release file:
JAVA_VERSION="21.0.11" 
MODULES="java.base java.compiler java.datatransfer java.xml java.prefs java.desktop java.instrument java.logging java.management java.security.sasl java.naming java.rmi java.management.rmi java.net.http java.scripting java.security.jgss java.transaction.xa java.sql java.sql.rowset java.xml.crypto java.se java.smartcardio jdk.accessibility jdk.internal.jvmstat jdk.attach jdk.charsets jdk.internal.opt jdk.zipfs jdk.compiler jdk.crypto.ec jdk.crypto.cryptoki jdk.crypto.mscapi jdk.dynalink jdk.internal.ed jdk.editpad jdk.hotspot.agent jdk.httpserver jdk.internal.le jdk.internal.vm.ci jdk.internal.vm.compiler jdk.internal.vm.compiler.management jdk.jartool jdk.javadoc jdk.jcmd jdk.management jdk.management.agent jdk.jconsole jdk.jdeps jdk.jdwp.agent jdk.jdi jdk.jfr jdk.jshell jdk.jsobject jdk.jstatd jdk.localedata jdk.management.jfr jdk.naming.dns jdk.naming.rmi jdk.net jdk.nio.mapmode jdk.random jdk.sctp jdk.security.auth jdk.security.jgss jdk.unsupported jdk.unsupported.desktop jdk.xml.dom" 

Environment Variables:
CLASSPATH=c:\Users\HP\.vscode\extensions\vscjava.vscode-gradle-3.18.0\lib\gradle-server.jar
PATH=C:\Program Files\Common Files\Oracle\Java\javapath;C:\WINDOWS\system32;C:\WINDOWS;C:\WINDOWS\System32\Wbem;C:\WINDOWS\System32\WindowsPowerShell\v1.0\;C:\WINDOWS\System32\OpenSSH\;C:\MinGW\bin;C:\Program Files\Git\cmd;D:\flutter\bin;C:\Program Files\nodejs\;C:\Users\HP\AppData\Local\Programs\Python\Python312\Scripts\;C:\Users\HP\AppData\Local\Programs\Python\Python312\;C:\Users\HP\AppData\Local\Microsoft\WindowsApps;C:\Users\HP\AppData\Local\Programs\Microsoft VS Code\bin;C:\MinGW\bin;;C:\Program Files\JetBrains\IntelliJ IDEA Community Edition 2025.1\bin;;C:\Users\HP\AppData\Local\Python\bin;C:\Users\HP\AppData\Roaming\npm
USERNAME=HP
OS=Windows_NT
PROCESSOR_IDENTIFIER=AMD64 Family 23 Model 24 Stepping 1, AuthenticAMD
TMP=C:\Users\HP\AppData\Local\Temp
TEMP=C:\Users\HP\AppData\Local\Temp




Periodic native trim disabled

---------------  S Y S T E M  ---------------

OS:
 Windows 11 , 64 bit Build 26100 (10.0.26100.9168)
OS uptime: 7 days 1:39 hours

CPU: total 8 (initial active 8) (8 cores per cpu, 2 threads per core) family 23 model 24 stepping 1 microcode 0x810810e, cx8, cmov, fxsr, ht, mmx, 3dnowpref, sse, sse2, sse3, ssse3, sse4a, sse4.1, sse4.2, popcnt, lzcnt, tsc, tscinvbit, avx, avx2, aes, clmul, bmi1, bmi2, adx, sha, fma, vzeroupper, clflush, clflushopt, rdtscp, f16c
Processor Information for the first 8 processors :
  Max Mhz: 2100, Current Mhz: 2100, Mhz Limit: 2100

Memory: 4k page, system-wide physical 6045M (517M free)
TotalPageFile size 22295M (AvailPageFile size 661M)
current process WorkingSet (physical memory assigned to process): 517M, peak: 671M
current process commit charge ("private bytes"): 2036M, peak: 3617M

vm_info: OpenJDK 64-Bit Server VM (21.0.11+10-LTS) for windows-amd64 JRE (21.0.11+10-LTS), built on 2026-04-21T00:00:00Z by "admin" with MS VC++ 17.12 (VS2022)

END.
